player,player_id,position,team_name,player_game_count,base_targets,behind_los_avg_depth_of_target,behind_los_avoided_tackles,behind_los_caught_percent,behind_los_contested_catch_rate,behind_los_contested_receptions,behind_los_contested_targets,behind_los_drop_rate,behind_los_drops,behind_los_first_downs,behind_los_fumbles,behind_los_grades_hands_drop,behind_los_grades_pass_route,behind_los_interceptions,behind_los_longest,behind_los_pass_block_rate,behind_los_pass_blocks,behind_los_pass_plays,behind_los_receptions,behind_los_route_rate,behind_los_routes,behind_los_targeted_qb_rating,behind_los_targets,behind_los_targets_percent,behind_los_touchdowns,behind_los_yards,behind_los_yards_after_catch,behind_los_yards_after_catch_per_reception,behind_los_yards_per_reception,behind_los_yprr,center_behind_los_avg_depth_of_target,center_behind_los_avoided_tackles,center_behind_los_caught_percent,center_behind_los_contested_catch_rate,center_behind_los_contested_receptions,center_behind_los_contested_targets,center_behind_los_drop_rate,center_behind_los_drops,center_behind_los_first_downs,center_behind_los_fumbles,center_behind_los_grades_hands_drop,center_behind_los_grades_pass_route,center_behind_los_interceptions,center_behind_los_longest,center_behind_los_pass_block_rate,center_behind_los_pass_blocks,center_behind_los_pass_plays,center_behind_los_receptions,center_behind_los_route_rate,center_behind_los_routes,center_behind_los_targeted_qb_rating,center_behind_los_targets,center_behind_los_targets_percent,center_behind_los_touchdowns,center_behind_los_yards,center_behind_los_yards_after_catch,center_behind_los_yards_after_catch_per_reception,center_behind_los_yards_per_reception,center_behind_los_yprr,center_deep_avg_depth_of_target,center_deep_avoided_tackles,center_deep_caught_percent,center_deep_contested_catch_rate,center_deep_contested_receptions,center_deep_contested_targets,center_deep_drop_rate,center_deep_drops,center_deep_first_downs,center_deep_fumbles,center_deep_grades_hands_drop,center_deep_grades_pass_route,center_deep_interceptions,center_deep_longest,center_deep_pass_block_rate,center_deep_pass_blocks,center_deep_pass_plays,center_deep_receptions,center_deep_route_rate,center_deep_routes,center_deep_targeted_qb_rating,center_deep_targets,center_deep_targets_percent,center_deep_touchdowns,center_deep_yards,center_deep_yards_after_catch,center_deep_yards_after_catch_per_reception,center_deep_yards_per_reception,center_deep_yprr,center_medium_avg_depth_of_target,center_medium_avoided_tackles,center_medium_caught_percent,center_medium_contested_catch_rate,center_medium_contested_receptions,center_medium_contested_targets,center_medium_drop_rate,center_medium_drops,center_medium_first_downs,center_medium_fumbles,center_medium_grades_hands_drop,center_medium_grades_pass_route,center_medium_interceptions,center_medium_longest,center_medium_pass_block_rate,center_medium_pass_blocks,center_medium_pass_plays,center_medium_receptions,center_medium_route_rate,center_medium_routes,center_medium_targeted_qb_rating,center_medium_targets,center_medium_targets_percent,center_medium_touchdowns,center_medium_yards,center_medium_yards_after_catch,center_medium_yards_after_catch_per_reception,center_medium_yards_per_reception,center_medium_yprr,center_short_avg_depth_of_target,center_short_avoided_tackles,center_short_caught_percent,center_short_contested_catch_rate,center_short_contested_receptions,center_short_contested_targets,center_short_drop_rate,center_short_drops,center_short_first_downs,center_short_fumbles,center_short_grades_hands_drop,center_short_grades_pass_route,center_short_interceptions,center_short_longest,center_short_pass_block_rate,center_short_pass_blocks,center_short_pass_plays,center_short_receptions,center_short_route_rate,center_short_routes,center_short_targeted_qb_rating,center_short_targets,center_short_targets_percent,center_short_touchdowns,center_short_yards,center_short_yards_after_catch,center_short_yards_after_catch_per_reception,center_short_yards_per_reception,center_short_yprr,declined_penalties,deep_avg_depth_of_target,deep_avoided_tackles,deep_caught_percent,deep_contested_catch_rate,deep_contested_receptions,deep_contested_targets,deep_drop_rate,deep_drops,deep_first_downs,deep_fumbles,deep_grades_hands_drop,deep_grades_pass_route,deep_interceptions,deep_longest,deep_pass_block_rate,deep_pass_blocks,deep_pass_plays,deep_receptions,deep_route_rate,deep_routes,deep_targeted_qb_rating,deep_targets,deep_targets_percent,deep_touchdowns,deep_yards,deep_yards_after_catch,deep_yards_after_catch_per_reception,deep_yards_per_reception,deep_yprr,franchise_id,left_behind_los_avg_depth_of_target,left_behind_los_avoided_tackles,left_behind_los_caught_percent,left_behind_los_contested_catch_rate,left_behind_los_contested_receptions,left_behind_los_contested_targets,left_behind_los_drop_rate,left_behind_los_drops,left_behind_los_first_downs,left_behind_los_fumbles,left_behind_los_grades_hands_drop,left_behind_los_grades_pass_route,left_behind_los_interceptions,left_behind_los_longest,left_behind_los_pass_block_rate,left_behind_los_pass_blocks,left_behind_los_pass_plays,left_behind_los_receptions,left_behind_los_route_rate,left_behind_los_routes,left_behind_los_targeted_qb_rating,left_behind_los_targets,left_behind_los_targets_percent,left_behind_los_touchdowns,left_behind_los_yards,left_behind_los_yards_after_catch,left_behind_los_yards_after_catch_per_reception,left_behind_los_yards_per_reception,left_behind_los_yprr,left_deep_avg_depth_of_target,left_deep_avoided_tackles,left_deep_caught_percent,left_deep_contested_catch_rate,left_deep_contested_receptions,left_deep_contested_targets,left_deep_drop_rate,left_deep_drops,left_deep_first_downs,left_deep_fumbles,left_deep_grades_hands_drop,left_deep_grades_pass_route,left_deep_interceptions,left_deep_longest,left_deep_pass_block_rate,left_deep_pass_blocks,left_deep_pass_plays,left_deep_receptions,left_deep_route_rate,left_deep_routes,left_deep_targeted_qb_rating,left_deep_targets,left_deep_targets_percent,left_deep_touchdowns,left_deep_yards,left_deep_yards_after_catch,left_deep_yards_after_catch_per_reception,left_deep_yards_per_reception,left_deep_yprr,left_medium_avg_depth_of_target,left_medium_avoided_tackles,left_medium_caught_percent,left_medium_contested_catch_rate,left_medium_contested_receptions,left_medium_contested_targets,left_medium_drop_rate,left_medium_drops,left_medium_first_downs,left_medium_fumbles,left_medium_grades_hands_drop,left_medium_grades_pass_route,left_medium_interceptions,left_medium_longest,left_medium_pass_block_rate,left_medium_pass_blocks,left_medium_pass_plays,left_medium_receptions,left_medium_route_rate,left_medium_routes,left_medium_targeted_qb_rating,left_medium_targets,left_medium_targets_percent,left_medium_touchdowns,left_medium_yards,left_medium_yards_after_catch,left_medium_yards_after_catch_per_reception,left_medium_yards_per_reception,left_medium_yprr,left_short_avg_depth_of_target,left_short_avoided_tackles,left_short_caught_percent,left_short_contested_catch_rate,left_short_contested_receptions,left_short_contested_targets,left_short_drop_rate,left_short_drops,left_short_first_downs,left_short_fumbles,left_short_grades_hands_drop,left_short_grades_pass_route,left_short_interceptions,left_short_longest,left_short_pass_block_rate,left_short_pass_blocks,left_short_pass_plays,left_short_receptions,left_short_route_rate,left_short_routes,left_short_targeted_qb_rating,left_short_targets,left_short_targets_percent,left_short_touchdowns,left_short_yards,left_short_yards_after_catch,left_short_yards_after_catch_per_reception,left_short_yards_per_reception,left_short_yprr,medium_avg_depth_of_target,medium_avoided_tackles,medium_caught_percent,medium_contested_catch_rate,medium_contested_receptions,medium_contested_targets,medium_drop_rate,medium_drops,medium_first_downs,medium_fumbles,medium_grades_hands_drop,medium_grades_pass_route,medium_interceptions,medium_longest,medium_pass_block_rate,medium_pass_blocks,medium_pass_plays,medium_receptions,medium_route_rate,medium_routes,medium_targeted_qb_rating,medium_targets,medium_targets_percent,medium_touchdowns,medium_yards,medium_yards_after_catch,medium_yards_after_catch_per_reception,medium_yards_per_reception,medium_yprr,penalties,right_behind_los_avg_depth_of_target,right_behind_los_avoided_tackles,right_behind_los_caught_percent,right_behind_los_contested_catch_rate,right_behind_los_contested_receptions,right_behind_los_contested_targets,right_behind_los_drop_rate,right_behind_los_drops,right_behind_los_first_downs,right_behind_los_fumbles,right_behind_los_grades_hands_drop,right_behind_los_grades_pass_route,right_behind_los_interceptions,right_behind_los_longest,right_behind_los_pass_block_rate,right_behind_los_pass_blocks,right_behind_los_pass_plays,right_behind_los_receptions,right_behind_los_route_rate,right_behind_los_routes,right_behind_los_targeted_qb_rating,right_behind_los_targets,right_behind_los_targets_percent,right_behind_los_touchdowns,right_behind_los_yards,right_behind_los_yards_after_catch,right_behind_los_yards_after_catch_per_reception,right_behind_los_yards_per_reception,right_behind_los_yprr,right_deep_grades_hands_drop,right_deep_grades_pass_route,right_deepavg_depth_of_target,right_deepavoided_tackles,right_deepcaught_percent,right_deepcontested_catch_rate,right_deepcontested_receptions,right_deepcontested_targets,right_deepdrop_rate,right_deepdrops,right_deepfirst_downs,right_deepfumbles,right_deepinterceptions,right_deeplongest,right_deeppass_block_rate,right_deeppass_blocks,right_deeppass_plays,right_deepreceptions,right_deeproute_rate,right_deeproutes,right_deeptargeted_qb_rating,right_deeptargets,right_deeptargets_percent,right_deeptouchdowns,right_deepyards,right_deepyards_after_catch,right_deepyards_after_catch_per_reception,right_deepyards_per_reception,right_deepyprr,right_medium_avg_depth_of_target,right_medium_avoided_tackles,right_medium_caught_percent,right_medium_contested_catch_rate,right_medium_contested_receptions,right_medium_contested_targets,right_medium_drop_rate,right_medium_drops,right_medium_first_downs,right_medium_fumbles,right_medium_grades_hands_drop,right_medium_grades_pass_route,right_medium_interceptions,right_medium_longest,right_medium_pass_block_rate,right_medium_pass_blocks,right_medium_pass_plays,right_medium_receptions,right_medium_route_rate,right_medium_routes,right_medium_targeted_qb_rating,right_medium_targets,right_medium_targets_percent,right_medium_touchdowns,right_medium_yards,right_medium_yards_after_catch,right_medium_yards_after_catch_per_reception,right_medium_yards_per_reception,right_medium_yprr,right_short_avg_depth_of_target,right_short_avoided_tackles,right_short_caught_percent,right_short_contested_catch_rate,right_short_contested_receptions,right_short_contested_targets,right_short_drop_rate,right_short_drops,right_short_first_downs,right_short_fumbles,right_short_grades_hands_drop,right_short_grades_pass_route,right_short_interceptions,right_short_longest,right_short_pass_block_rate,right_short_pass_blocks,right_short_pass_plays,right_short_receptions,right_short_route_rate,right_short_routes,right_short_targeted_qb_rating,right_short_targets,right_short_targets_percent,right_short_touchdowns,right_short_yards,right_short_yards_after_catch,right_short_yards_after_catch_per_reception,right_short_yards_per_reception,right_short_yprr,short_avg_depth_of_target,short_avoided_tackles,short_caught_percent,short_contested_catch_rate,short_contested_receptions,short_contested_targets,short_drop_rate,short_drops,short_first_downs,short_fumbles,short_grades_hands_drop,short_grades_pass_route,short_interceptions,short_longest,short_pass_block_rate,short_pass_blocks,short_pass_plays,short_receptions,short_route_rate,short_routes,short_targeted_qb_rating,short_targets,short_targets_percent,short_touchdowns,short_yards,short_yards_after_catch,short_yards_after_catch_per_reception,short_yards_per_reception,short_yprr
T.J. Moore,189369,WR,CLEMSON,1,11,-3.0,0,100.0,,0,0,0.0,0,0,0,66.7,60.8,0,3,0.0,0,1,1,100.0,1,79.2,1,9.1,0,3,6,6.0,3.0,3.0,-3.0,0,100.0,,0,0,0.0,0,0,0,66.7,60.8,0,3,0.0,0,6,1,100.0,6,79.2,1,16.7,0,3,6,6.0,3.0,0.5,,0,,,0,0,,0,0,0,,,0,0,,0,0,0,,0,0.0,0,,0,0,0,,,,11.0,0,50.0,,0,0,0.0,0,1,0,66.7,72.9,0,7,0.0,0,6,1,100.0,6,97.9,2,33.3,1,7,0,0.0,7.0,1.17,5.3,0,66.7,0.0,0,1,0.0,0,1,0,70.7,70.4,0,13,0.0,0,11,2,100.0,11,85.4,3,27.3,0,20,4,2.0,10.0,1.82,0,26.0,0,100.0,100.0,1,1,0.0,0,2,0,70.7,93.6,0,30,0.0,0,2,2,100.0,2,118.8,2,18.2,0,59,7,3.5,29.5,29.5,140,,0,,,0,0,,0,0,0,,,0,0,0.0,0,1,0,100.0,1,0.0,0,0.0,0,0,0,,,0.0,,0,,,0,0,,0,0,0,,,0,0,0.0,0,2,0,100.0,2,0.0,0,0.0,0,0,0,,,0.0,,0,,,0,0,,0,0,0,,,0,0,0.0,0,2,0,100.0,2,0.0,0,0.0,0,0,0,,,0.0,,0,,,0,0,,0,0,0,,,0,0,0.0,0,1,0,100.0,1,0.0,0,0.0,0,0,0,,,0.0,10.7,0,66.7,,0,0,0.0,0,2,0,70.7,79.3,0,12,0.0,0,4,2,75.0,3,123.6,3,27.3,1,19,2,1.0,9.5,6.33,0,,0,,,0,0,,0,0,0,,,0,0,0.0,0,1,0,100.0,1,0.0,0,0.0,0,0,0,,,0.0,70.7,93.6,26.0,0,100.0,100.0,1,1,0.0,0,2,0,0,30,0.0,0,3,2,100.0,3,118.8,2,66.7,0,59,7,3.5,29.5,19.67,10.0,0,100.0,,0,0,0.0,0,1,0,66.7,72.6,0,12,0.0,0,3,1,66.7,2,116.7,1,50.0,0,12,2,2.0,12.0,6.0,7.5,0,100.0,100.0,1,1,0.0,0,0,0,70.7,61.9,0,9,0.0,0,2,2,100.0,2,97.9,2,100.0,0,15,0,0.0,7.5,7.5,6.2,0,80.0,50.0,1,2,0.0,0,1,0,74.9,69.0,0,13,0.0,0,5,4,100.0,5,95.8,5,45.5,0,35,4,1.0,8.8,7.0
Bryant Wesco Jr.,183206,WR,CLEMSON,1,10,,0,,,0,0,,0,0,0,,,0,0,,0,0,0,,0,0.0,0,0.0,0,0,0,,,,,0,,,0,0,,0,0,0,,,0,0,0.0,0,5,0,100.0,5,0.0,0,0.0,0,0,0,,,0.0,,0,,,0,0,,0,0,0,,,0,0,,0,0,0,,0,0.0,0,,0,0,0,,,,12.0,0,0.0,0.0,0,1,,0,0,0,,58.0,1,0,0.0,0,6,0,100.0,6,0.0,2,33.3,0,0,0,,,0.0,5.3,0,25.0,0.0,0,1,0.0,0,0,0,66.7,68.2,0,9,0.0,0,12,1,100.0,12,39.6,4,33.3,0,9,0,0.0,9.0,0.75,0,23.5,0,0.0,0.0,0,1,,0,0,0,,48.6,0,0,0.0,0,2,0,100.0,2,39.6,2,20.0,0,0,0,,,0.0,140,,0,,,0,0,,0,0,0,,,0,0,0.0,0,1,0,100.0,1,0.0,0,0.0,0,0,0,,,0.0,23.5,0,0.0,0.0,0,1,,0,0,0,,48.6,0,0,0.0,0,2,0,100.0,2,39.6,2,100.0,0,0,0,,,0.0,10.0,0,100.0,,0,0,0.0,0,1,0,66.7,74.0,0,12,0.0,0,2,1,100.0,2,116.7,1,50.0,0,12,2,2.0,12.0,6.0,9.0,0,100.0,100.0,1,1,0.0,0,1,0,66.7,73.7,0,9,0.0,0,1,1,100.0,1,104.2,1,100.0,0,9,0,0.0,9.0,9.0,11.3,0,33.3,0.0,0,1,0.0,0,1,0,66.7,70.3,1,12,0.0,0,3,1,100.0,3,6.9,3,30.0,0,12,2,2.0,12.0,4.0,0,,0,,,0,0,,0,0,0,,,0,0,0.0,0,1,0,100.0,1,0.0,0,0.0,0,0,0,,,0.0,,,,0,,,0,0,,0,0,0,0,0,0.0,0,1,0,100.0,1,0.0,0,0.0,0,0,0,,,0.0,,0,,,0,0,,0,0,0,,,0,0,0.0,0,2,0,100.0,2,0.0,0,0.0,0,0,0,,,0.0,,0,,,0,0,,0,0,0,,,0,0,0.0,0,2,0,100.0,2,0.0,0,0.0,0,0,0,,,0.0,6.0,0,40.0,50.0,1,2,0.0,0,1,0,70.7,75.7,0,9,0.0,0,5,2,100.0,5,50.4,5,50.0,0,18,0,0.0,9.0,3.6
Jordan Faison,171081,WR,NOTRE DAME,1,9,-3.0,1,66.7,,0,0,33.3,1,1,0,31.6,59.8,0,9,0.0,0,3,2,100.0,3,70.1,3,33.3,0,8,16,8.0,4.0,2.67,-3.0,1,66.7,,0,0,33.3,1,1,0,31.6,59.8,0,9,0.0,0,6,2,100.0,6,70.1,3,50.0,0,8,16,8.0,4.0,1.33,39.0,0,100.0,100.0,1,1,0.0,0,1,0,66.7,86.2,0,44,0.0,0,1,1,100.0,1,118.8,1,100.0,0,44,5,5.0,44.0,44.0,10.0,0,100.0,100.0,1,1,0.0,0,1,0,66.7,74.9,0,10,0.0,0,1,1,100.0,1,108.3,1,100.0,0,10,0,0.0,10.0,10.0,3.7,2,100.0,,0,0,0.0,0,2,0,73.1,81.0,0,12,0.0,0,6,3,100.0,6,104.2,3,50.0,0,27,16,5.3,9.0,4.5,0,38.0,0,50.0,100.0,1,1,0.0,0,1,0,66.7,82.9,0,44,0.0,0,2,1,100.0,2,95.8,2,22.2,0,44,5,5.0,44.0,22.0,258,,0,,,0,0,,0,0,0,,,0,0,,0,0,0,,0,0.0,0,,0,0,0,,,,,0,,,0,0,,0,0,0,,,0,0,,0,0,0,,0,0.0,0,,0,0,0,,,,,0,,,0,0,,0,0,0,,,0,0,,0,0,0,,0,0.0,0,,0,0,0,,,,,0,,,0,0,,0,0,0,,,0,0,0.0,0,1,0,100.0,1,0.0,0,0.0,0,0,0,,,0.0,10.0,0,100.0,100.0,1,1,0.0,0,1,0,66.7,74.9,0,10,0.0,0,1,1,100.0,1,108.3,1,11.1,0,10,0,0.0,10.0,10.0,0,,0,,,0,0,,0,0,0,,,0,0,,0,0,0,,0,0.0,0,,0,0,0,,,,,58.9,37.0,0,0.0,,0,0,,0,0,0,0,0,0.0,0,1,0,100.0,1,39.6,1,100.0,0,0,0,,,0.0,,0,,,0,0,,0,0,0,,,0,0,,0,0,0,,0,0.0,0,,0,0,0,,,,,0,,,0,0,,0,0,0,,,0,0,0.0,0,1,0,100.0,1,0.0,0,0.0,0,0,0,,,0.0,3.7,2,100.0,,0,0,0.0,0,2,0,73.1,81.0,0,12,0.0,0,3,3,100.0,3,104.2,3,33.3,0,27,16,5.3,9.0,9.0
Ke'Shawn Williams,123406,WR,INDIANA,1,8,-1.0,1,100.0,,0,0,0.0,0,0,0,66.7,74.5,0,8,0.0,0,1,1,100.0,1,100.0,1,12.5,0,8,9,9.0,8.0,8.0,-1.0,1,100.0,,0,0,0.0,0,0,0,66.7,74.5,0,8,0.0,0,3,1,100.0,3,100.0,1,33.3,0,8,9,9.0,8.0,2.67,,0,,,0,0,,0,0,0,,,0,0,0.0,0,1,0,100.0,1,0.0,0,0.0,0,0,0,,,0.0,12.0,0,66.7,,0,0,0.0,0,2,0,70.7,81.1,1,16,0.0,0,5,2,80.0,4,54.2,3,75.0,0,26,0,0.0,13.0,6.5,5.5,0,100.0,100.0,1,1,0.0,0,0,0,70.7,60.9,0,7,0.0,0,5,2,60.0,3,89.6,2,66.7,0,11,0,0.0,5.5,3.67,0,26.0,0,0.0,,0,0,,0,0,0,,59.5,0,0,0.0,0,1,0,100.0,1,39.6,1,12.5,0,0,0,,,0.0,190,,0,,,0,0,,0,0,0,,,0,0,,0,0,0,,0,0.0,0,,0,0,0,,,,,0,,,0,0,,0,0,0,,,0,0,0.0,0,1,0,100.0,1,0.0,0,0.0,0,0,0,,,0.0,,0,,,0,0,,0,0,0,,,0,0,0.0,0,1,0,100.0,1,0.0,0,0.0,0,0,0,,,0.0,3.0,0,0.0,,0,0,,0,0,0,,60.0,0,0,0.0,0,2,0,100.0,2,39.6,1,50.0,0,0,0,,,0.0,12.0,0,66.7,,0,0,0.0,0,2,0,70.7,81.1,1,16,0.0,0,3,2,100.0,3,54.2,3,37.5,0,26,0,0.0,13.0,8.67,0,,0,,,0,0,,0,0,0,,,0,0,,0,0,0,,0,0.0,0,,0,0,0,,,,,59.5,26.0,0,0.0,,0,0,,0,0,0,0,0,0.0,0,3,0,100.0,3,39.6,1,33.3,0,0,0,,,0.0,,0,,,0,0,,0,0,0,,,0,0,,0,0,0,,0,0.0,0,,0,0,0,,,,,0,,,0,0,,0,0,0,,,0,0,0.0,0,1,0,100.0,1,0.0,0,0.0,0,0,0,,,0.0,4.7,0,66.7,100.0,1,1,0.0,0,0,0,70.7,60.4,0,7,0.0,0,3,2,100.0,3,72.9,3,37.5,0,11,0,0.0,5.5,3.67
Chris Brazzell II,158409,WR,TENNESSEE,1,8,,0,,,0,0,,0,0,0,,,0,0,,0,0,0,,0,0.0,0,0.0,0,0,0,,,,,0,,,0,0,,0,0,0,,,0,0,0.0,0,1,0,100.0,1,0.0,0,0.0,0,0,0,,,0.0,,0,,,0,0,,0,0,0,,,0,0,,0,0,0,,0,0.0,0,,0,0,0,,,,18.0,0,0.0,,0,0,,0,0,0,,60.0,0,0,0.0,0,3,0,66.7,2,39.6,1,50.0,0,0,0,,,0.0,6.5,0,50.0,,0,0,50.0,1,0,0,24.9,47.9,0,8,0.0,0,3,1,100.0,3,60.4,2,66.7,0,8,2,2.0,8.0,2.67,0,27.0,0,0.0,,0,0,100.0,1,0,0,16.4,44.1,0,0,0.0,0,2,0,100.0,2,39.6,2,25.0,0,0,0,,,0.0,307,,0,,,0,0,,0,0,0,,,0,0,0.0,0,1,0,100.0,1,0.0,0,0.0,0,0,0,,,0.0,,0,,,0,0,,0,0,0,,,0,0,0.0,0,3,0,100.0,3,0.0,0,0.0,0,0,0,,,0.0,,0,,,0,0,,0,0,0,,,0,0,,0,0,0,,0,0.0,0,,0,0,0,,,,,0,,,0,0,,0,0,0,,,0,0,,0,0,0,,0,0.0,0,,0,0,0,,,,17.5,0,0.0,,0,0,,0,0,0,,58.5,0,0,0.0,0,2,0,100.0,2,39.6,2,25.0,0,0,0,,,0.0,0,,0,,,0,0,,0,0,0,,,0,0,0.0,0,1,0,100.0,1,0.0,0,0.0,0,0,0,,,0.0,16.4,44.1,27.0,0,0.0,,0,0,100.0,1,0,0,0,0,0.0,0,2,0,100.0,2,39.6,2,100.0,0,0,0,,,0.0,17.0,0,0.0,,0,0,,0,0,0,,59.3,0,0,0.0,0,2,0,100.0,2,39.6,1,50.0,0,0,0,,,0.0,6.5,0,0.0,0.0,0,1,,0,0,0,,58.4,0,0,0.0,0,2,0,100.0,2,39.6,2,100.0,0,0,0,,,0.0,6.5,0,25.0,0.0,0,1,50.0,1,0,0,24.9,48.4,0,8,0.0,0,4,1,100.0,4,39.6,4,50.0,0,8,2,2.0,8.0,2.0
Harrison Wallace III,145090,WR,PENN STATE,1,7,,0,,,0,0,,0,0,0,,,0,0,,0,0,0,,0,0.0,0,0.0,0,0,0,,,,,0,,,0,0,,0,0,0,,,0,0,0.0,0,1,0,100.0,1,0.0,0,0.0,0,0,0,,,0.0,,0,,,0,0,,0,0,0,,,0,0,,0,0,0,,0,0.0,0,,0,0,0,,,,17.0,1,100.0,,0,0,0.0,0,1,0,66.7,75.4,0,25,0.0,0,4,1,100.0,4,118.8,1,25.0,0,25,8,8.0,25.0,6.25,5.6,0,60.0,50.0,1,2,25.0,1,1,0,40.2,60.3,1,9,0.0,0,10,3,100.0,10,31.7,5,50.0,0,23,7,2.3,7.7,2.3,0,,0,,,0,0,,0,0,0,,,0,0,,0,0,0,,0,0.0,0,0.0,0,0,0,,,,266,,0,,,0,0,,0,0,0,,,0,0,0.0,0,1,0,100.0,1,0.0,0,0.0,0,0,0,,,0.0,,0,,,0,0,,0,0,0,,,0,0,,0,0,0,,0,0.0,0,,0,0,0,,,,17.0,0,0.0,,0,0,,0,0,0,,59.9,0,0,0.0,0,1,0,100.0,1,39.6,1,100.0,0,0,0,,,0.0,,0,,,0,0,,0,0,0,,,0,0,0.0,0,2,0,100.0,2,0.0,0,0.0,0,0,0,,,0.0,17.0,1,50.0,,0,0,0.0,0,1,0,66.7,74.2,0,25,0.0,0,2,1,100.0,2,95.8,2,28.6,0,25,8,8.0,25.0,12.5,0,,0,,,0,0,,0,0,0,,,0,0,,0,0,0,,0,0.0,0,,0,0,0,,,,,,,0,,,0,0,,0,0,0,0,0,,0,0,0,,0,0.0,0,,0,0,0,,,,,0,,,0,0,,0,0,0,,,0,0,,0,0,0,,0,0.0,0,,0,0,0,,,,,0,,,0,0,,0,0,0,,,0,0,,0,0,0,,0,0.0,0,,0,0,0,,,,5.6,0,60.0,50.0,1,2,25.0,1,1,0,40.2,60.3,1,9,0.0,0,5,3,100.0,5,31.7,5,71.4,0,23,7,2.3,7.7,4.6
Elijah Sarratt,159499,WR,INDIANA,1,7,,0,,,0,0,,0,0,0,,,0,0,,0,0,0,,0,0.0,0,0.0,0,0,0,,,,,0,,,0,0,,0,0,0,,,0,0,0.0,0,4,0,100.0,4,0.0,0,0.0,0,0,0,,,0.0,,0,,,0,0,,0,0,0,,,0,0,0.0,0,1,0,100.0,1,0.0,0,0.0,0,0,0,,,0.0,12.5,0,50.0,,0,0,0.0,0,1,0,66.7,72.5,0,15,0.0,0,7,1,85.7,6,75.0,2,33.3,0,15,0,0.0,15.0,2.5,3.5,0,100.0,,0,0,0.0,0,1,0,73.1,79.8,0,17,0.0,0,9,2,77.8,7,116.7,2,28.6,0,24,17,8.5,12.0,3.43,0,24.0,0,50.0,100.0,1,1,0.0,0,1,0,66.7,83.1,0,28,0.0,0,2,1,100.0,2,95.8,2,28.6,0,28,0,0.0,28.0,14.0,190,,0,,,0,0,,0,0,0,,,0,0,,0,0,0,,0,0.0,0,,0,0,0,,,,24.0,0,50.0,100.0,1,1,0.0,0,1,0,66.7,83.1,0,28,0.0,0,2,1,100.0,2,95.8,2,100.0,0,28,0,0.0,28.0,14.0,16.0,0,0.0,,0,0,,0,0,0,,59.9,0,0,0.0,0,1,0,100.0,1,39.6,1,100.0,0,0,0,,,0.0,,0,,,0,0,,0,0,0,,,0,0,0.0,0,2,0,100.0,2,0.0,0,0.0,0,0,0,,,0.0,13.7,0,33.3,,0,0,0.0,0,1,0,66.7,71.1,0,15,0.0,0,3,1,100.0,3,50.7,3,42.9,0,15,0,0.0,15.0,5.0,0,,0,,,0,0,,0,0,0,,,0,0,0.0,0,1,0,100.0,1,0.0,0,0.0,0,0,0,,,0.0,,,,0,,,0,0,,0,0,0,0,0,0.0,0,4,0,100.0,4,0.0,0,0.0,0,0,0,,,0.0,,0,,,0,0,,0,0,0,,,0,0,0.0,0,1,0,100.0,1,0.0,0,0.0,0,0,0,,,0.0,,0,,,0,0,,0,0,0,,,0,0,0.0,0,1,0,100.0,1,0.0,0,0.0,0,0,0,,,0.0,3.5,0,100.0,,0,0,0.0,0,1,0,73.1,79.8,0,17,0.0,0,4,2,50.0,2,116.7,2,28.6,0,24,17,8.5,12.0,12.0
Gunnar Helm,144726,TE,TEXAS,1,7,-2.0,0,100.0,,0,0,0.0,0,1,0,66.7,89.1,0,14,0.0,0,1,1,100.0,1,118.8,1,14.3,0,14,16,16.0,14.0,14.0,-2.0,0,100.0,,0,0,0.0,0,1,0,66.7,89.1,0,14,0.0,0,5,1,100.0,5,118.8,1,20.0,0,14,16,16.0,14.0,2.8,28.0,0,100.0,,0,0,0.0,0,1,0,66.7,84.9,0,19,0.0,0,2,1,100.0,2,158.3,1,50.0,1,19,0,0.0,19.0,9.5,10.0,0,50.0,0.0,0,1,0.0,0,1,0,66.7,72.1,0,16,0.0,0,2,1,100.0,2,77.1,2,100.0,0,16,6,6.0,16.0,8.0,5.3,0,100.0,,0,0,0.0,0,1,0,73.1,90.6,0,13,0.0,0,9,3,100.0,9,105.6,3,33.3,0,28,12,4.0,9.3,3.11,0,28.0,0,100.0,,0,0,0.0,0,1,0,66.7,84.9,0,19,0.0,0,1,1,100.0,1,158.3,1,14.3,1,19,0,0.0,19.0,19.0,311,,0,,,0,0,,0,0,0,,,0,0,,0,0,0,,0,0.0,0,,0,0,0,,,,,0,,,0,0,,0,0,0,,,0,0,100.0,1,1,0,0.0,0,0.0,0,,0,0,0,,,,,0,,,0,0,,0,0,0,,,0,0,0.0,0,2,0,50.0,1,0.0,0,0.0,0,0,0,,,0.0,,0,,,0,0,,0,0,0,,,0,0,0.0,0,2,0,100.0,2,0.0,0,0.0,0,0,0,,,0.0,10.0,0,50.0,0.0,0,1,0.0,0,1,0,66.7,72.1,0,16,0.0,0,2,1,100.0,2,77.1,2,28.6,0,16,6,6.0,16.0,8.0,0,,0,,,0,0,,0,0,0,,,0,0,0.0,0,1,0,100.0,1,0.0,0,0.0,0,0,0,,,0.0,,,,0,,,0,0,,0,0,0,0,0,0.0,0,2,0,0.0,0,0.0,0,,0,0,0,,,,,0,,,0,0,,0,0,0,,,0,0,,0,0,0,,0,0.0,0,,0,0,0,,,,,0,,,0,0,,0,0,0,,,0,0,0.0,0,1,0,100.0,1,0.0,0,0.0,0,0,0,,,0.0,5.3,0,100.0,,0,0,0.0,0,1,0,73.1,90.6,0,13,0.0,0,3,3,100.0,3,105.6,3,42.9,0,28,12,4.0,9.3,9.33
Jeremiah Smith,183710,WR,OHIO STATE,1,7,-3.0,0,100.0,,0,0,0.0,0,1,0,66.7,75.1,0,18,0.0,0,1,1,100.0,1,118.8,1,14.3,0,18,21,21.0,18.0,18.0,-3.0,0,100.0,,0,0,0.0,0,1,0,66.7,75.1,0,18,0.0,0,4,1,100.0,4,118.8,1,25.0,0,18,21,21.0,18.0,4.5,25.0,0,0.0,0.0,0,1,,0,0,0,,59.3,1,0,0.0,0,2,0,100.0,2,0.0,1,50.0,0,0,0,,,0.0,,0,,,0,0,,0,0,0,,,0,0,0.0,0,1,0,100.0,1,0.0,0,0.0,0,0,0,,,0.0,3.0,1,100.0,,0,0,0.0,0,2,0,73.1,80.8,0,10,0.0,0,7,3,100.0,7,102.8,3,42.9,0,26,17,5.7,8.7,3.71,0,29.0,0,66.7,50.0,1,2,0.0,0,2,0,70.7,89.9,1,37,0.0,0,5,2,60.0,3,109.7,3,42.9,2,59,0,0.0,29.5,19.67,260,,0,,,0,0,,0,0,0,,,0,0,0.0,0,1,0,100.0,1,0.0,0,0.0,0,0,0,,,0.0,31.0,0,100.0,100.0,1,1,0.0,0,2,0,70.7,93.1,0,37,0.0,0,2,2,100.0,2,158.3,2,100.0,2,59,0,0.0,29.5,29.5,,0,,,0,0,,0,0,0,,,0,0,,0,0,0,,0,0.0,0,,0,0,0,,,,,0,,,0,0,,0,0,0,,,0,0,0.0,0,1,0,100.0,1,0.0,0,0.0,0,0,0,,,0.0,,0,,,0,0,,0,0,0,,,0,0,,0,0,0,,0,0.0,0,0.0,0,0,0,,,,0,,0,,,0,0,,0,0,0,,,0,0,0.0,0,3,0,100.0,3,0.0,0,0.0,0,0,0,,,0.0,,58.4,,0,,,0,0,,0,0,0,0,0,0.0,0,3,0,33.3,1,0.0,0,0.0,0,0,0,,,0.0,,0,,,0,0,,0,0,0,,,0,0,0.0,0,3,0,100.0,3,0.0,0,0.0,0,0,0,,,0.0,,0,,,0,0,,0,0,0,,,0,0,0.0,0,2,0,100.0,2,0.0,0,0.0,0,0,0,,,0.0,3.0,1,100.0,,0,0,0.0,0,2,0,73.1,80.8,0,10,0.0,0,3,3,100.0,3,102.8,3,42.9,0,26,17,5.7,8.7,8.67
Emeka Egbuka,145055,WR,OHIO STATE,1,7,-2.5,0,100.0,,0,0,0.0,0,1,0,70.7,72.3,0,10,0.0,0,2,2,100.0,2,104.2,2,28.6,0,18,23,11.5,9.0,9.0,-3.0,0,100.0,,0,0,0.0,0,1,0,66.7,74.2,0,10,0.0,0,2,1,100.0,2,108.3,1,50.0,0,10,13,13.0,10.0,5.0,36.0,0,100.0,100.0,1,1,0.0,0,1,0,66.7,86.7,0,40,0.0,0,2,1,100.0,2,118.8,1,50.0,0,40,4,4.0,40.0,20.0,13.0,0,0.0,,0,0,,0,0,0,,59.1,0,0,0.0,0,1,0,100.0,1,39.6,1,100.0,0,0,0,,,0.0,3.0,0,0.0,,0,0,,0,0,0,,60.0,0,0,0.0,0,6,0,100.0,6,39.6,1,16.7,0,0,0,,,0.0,0,36.0,0,100.0,100.0,1,1,0.0,0,1,0,66.7,86.7,0,40,0.0,0,1,1,100.0,1,118.8,1,14.3,0,40,4,4.0,40.0,40.0,260,,0,,,0,0,,0,0,0,,,0,0,,0,0,0,,0,0.0,0,,0,0,0,,,,,0,,,0,0,,0,0,0,,,0,0,0.0,0,1,0,100.0,1,0.0,0,0.0,0,0,0,,,0.0,,0,,,0,0,,0,0,0,,,0,0,,0,0,0,,0,0.0,0,,0,0,0,,,,,0,,,0,0,,0,0,0,,,0,0,0.0,0,1,0,100.0,1,0.0,0,0.0,0,0,0,,,0.0,15.0,0,50.0,,0,0,0.0,0,1,0,66.7,72.6,0,16,0.0,0,2,1,100.0,2,77.1,2,28.6,0,16,-1,-1.0,16.0,8.0,0,-2.0,0,100.0,,0,0,0.0,0,0,0,66.7,60.7,0,8,0.0,0,1,1,100.0,1,100.0,1,100.0,0,8,10,10.0,8.0,8.0,,,,0,,,0,0,,0,0,0,0,0,0.0,0,1,0,100.0,1,0.0,0,0.0,0,0,0,,,0.0,17.0,0,100.0,,0,0,0.0,0,1,0,66.7,75.0,0,16,0.0,0,2,1,100.0,2,118.8,1,50.0,0,16,-1,-1.0,16.0,8.0,1.0,0,100.0,,0,0,0.0,0,1,0,66.7,73.9,0,7,0.0,0,1,1,100.0,1,95.8,1,100.0,0,7,6,6.0,7.0,7.0,2.0,0,50.0,,0,0,0.0,0,1,0,66.7,72.5,0,7,0.0,0,2,1,100.0,2,58.3,2,28.6,0,7,6,6.0,7.0,3.5
Roderick Daniels Jr.,144356,WR,SMU,1,7,-3.7,3,100.0,,0,0,0.0,0,2,0,73.1,92.2,0,20,0.0,0,3,3,100.0,3,116.7,3,42.9,0,36,47,15.7,12.0,12.0,-3.7,3,100.0,,0,0,0.0,0,2,0,73.1,92.2,0,20,0.0,0,8,3,100.0,8,116.7,3,37.5,0,36,47,15.7,12.0,4.5,43.0,0,50.0,100.0,1,1,0.0,0,1,0,66.7,84.6,0,28,0.0,0,2,1,100.0,2,135.4,2,100.0,1,28,0,0.0,28.0,14.0,17.0,0,0.0,,0,0,,0,0,0,,59.4,0,0,0.0,0,3,0,100.0,3,39.6,1,33.3,0,0,0,,,0.0,4.0,0,0.0,,0,0,100.0,1,0,0,16.8,45.3,0,0,0.0,0,8,0,87.5,7,39.6,1,14.3,0,0,0,,,0.0,0,43.0,0,50.0,100.0,1,1,0.0,0,1,0,24.5,69.3,0,28,0.0,0,3,1,66.7,2,135.4,2,28.6,1,28,0,0.0,28.0,14.0,287,,0,,,0,0,,0,0,0,,,0,0,,0,0,0,,0,0.0,0,,0,0,0,,,,,0,,,0,0,,0,0,0,,,0,0,0.0,0,2,0,50.0,1,0.0,0,0.0,0,0,0,,,0.0,,0,,,0,0,,0,0,0,,,0,0,,0,0,0,,0,0.0,0,,0,0,0,,,,,0,,,0,0,,0,0,0,,,0,0,0.0,0,1,0,100.0,1,0.0,0,0.0,0,0,0,,,0.0,17.0,0,0.0,,0,0,,0,0,0,,59.4,0,0,0.0,0,1,0,100.0,1,39.6,1,14.3,0,0,0,,,0.0,0,,0,,,0,0,,0,0,0,,,0,0,0.0,0,1,0,100.0,1,0.0,0,0.0,0,0,0,,,0.0,16.4,46.1,,0,,,0,0,,0,0,0,0,0,0.0,0,4,0,25.0,1,0.0,0,0.0,0,0,0,,,0.0,,0,,,0,0,,0,0,0,,,0,0,0.0,0,1,0,100.0,1,0.0,0,0.0,0,0,0,,,0.0,,0,,,0,0,,0,0,0,,,0,0,0.0,0,2,0,100.0,2,0.0,0,0.0,0,0,0,,,0.0,4.0,0,0.0,,0,0,100.0,1,0,0,16.8,45.3,0,0,0.0,0,1,0,100.0,1,39.6,1,14.3,0,0,0,,,0.0
Tyler Warren,129798,TE,PENN STATE,1,6,-2.0,0,100.0,,0,0,0.0,0,0,0,66.7,62.3,0,3,0.0,0,1,1,100.0,1,79.2,1,16.7,0,3,5,5.0,3.0,3.0,-2.0,0,100.0,,0,0,0.0,0,0,0,66.7,62.3,0,3,0.0,0,4,1,100.0,4,79.2,1,25.0,0,3,5,5.0,3.0,0.75,,0,,,0,0,,0,0,0,,,0,0,,0,0,0,,0,0.0,0,,0,0,0,,,,13.0,0,50.0,,0,0,0.0,0,1,0,66.7,75.2,0,15,0.0,0,4,1,100.0,4,75.0,2,50.0,0,15,3,3.0,15.0,3.75,3.5,0,50.0,0.0,0,1,0.0,0,0,0,66.7,60.1,0,6,0.0,0,10,1,90.0,9,56.3,2,22.2,0,6,6,6.0,6.0,0.67,0,,0,,,0,0,,0,0,0,,,0,0,,0,0,0,,0,0.0,0,0.0,0,0,0,,,,266,,0,,,0,0,,0,0,0,,,0,0,0.0,0,1,0,100.0,1,0.0,0,0.0,0,0,0,,,0.0,,0,,,0,0,,0,0,0,,,0,0,,0,0,0,,0,0.0,0,,0,0,0,,,,,0,,,0,0,,0,0,0,,,0,0,0.0,0,1,0,100.0,1,0.0,0,0.0,0,0,0,,,0.0,4.0,1,100.0,,0,0,0.0,0,0,0,66.7,89.0,0,9,0.0,0,3,1,100.0,3,104.2,1,33.3,0,9,5,5.0,9.0,3.0,13.0,0,50.0,,0,0,0.0,0,1,0,66.7,75.2,0,15,0.0,0,2,1,100.0,2,75.0,2,33.3,0,15,3,3.0,15.0,7.5,0,,0,,,0,0,,0,0,0,,,0,0,,0,0,0,,0,0.0,0,,0,0,0,,,,,,,0,,,0,0,,0,0,0,0,0,,0,0,0,,0,0.0,0,,0,0,0,,,,,0,,,0,0,,0,0,0,,,0,0,,0,0,0,,0,0.0,0,,0,0,0,,,,,0,,,0,0,,0,0,0,,,0,0,,0,0,0,,0,0.0,0,,0,0,0,,,,3.7,1,66.7,0.0,0,1,0.0,0,0,0,70.7,74.6,0,9,0.0,0,3,2,100.0,3,78.5,3,50.0,0,15,11,5.5,7.5,5.0
Antonio Williams,156241,WR,CLEMSON,1,6,,0,,,0,0,,0,0,0,,,0,0,,0,0,0,,0,0.0,0,0.0,0,0,0,,,,,0,,,0,0,,0,0,0,,,0,0,0.0,0,6,0,100.0,6,0.0,0,0.0,0,0,0,,,0.0,,0,,,0,0,,0,0,0,,,0,0,0.0,0,1,0,100.0,1,0.0,0,0.0,0,0,0,,,0.0,,0,,,0,0,,0,0,0,,,0,0,0.0,0,6,0,100.0,6,0.0,0,0.0,0,0,0,,,0.0,4.3,1,100.0,,0,0,0.0,0,2,0,73.1,81.1,0,22,0.0,0,13,3,100.0,13,158.3,3,23.1,1,48,35,11.7,16.0,3.69,0,,0,,,0,0,,0,0,0,,,0,0,,0,0,0,,0,0.0,0,0.0,0,0,0,,,,140,,0,,,0,0,,0,0,0,,,0,0,0.0,0,1,0,100.0,1,0.0,0,0.0,0,0,0,,,0.0,,0,,,0,0,,0,0,0,,,0,0,0.0,0,2,0,100.0,2,0.0,0,0.0,0,0,0,,,0.0,18.0,0,100.0,,0,0,0.0,0,1,0,66.7,74.8,0,18,0.0,0,2,1,100.0,2,118.8,1,50.0,0,18,0,0.0,18.0,9.0,,0,,,0,0,,0,0,0,,,0,0,0.0,0,1,0,100.0,1,0.0,0,0.0,0,0,0,,,0.0,18.5,0,50.0,,0,0,0.0,0,1,0,66.7,73.8,0,18,0.0,0,2,1,100.0,2,81.3,2,33.3,0,18,0,0.0,18.0,9.0,0,,0,,,0,0,,0,0,0,,,0,0,0.0,0,1,0,100.0,1,0.0,0,0.0,0,0,0,,,0.0,,,,0,,,0,0,,0,0,0,0,0,0.0,0,3,0,100.0,3,0.0,0,0.0,0,0,0,,,0.0,19.0,0,0.0,,0,0,,0,0,0,,60.0,0,0,0.0,0,3,0,66.7,2,39.6,1,50.0,0,0,0,,,0.0,8.0,0,0.0,,0,0,,0,0,0,,59.4,0,0,0.0,0,2,0,100.0,2,39.6,1,50.0,0,0,0,,,0.0,5.3,1,75.0,,0,0,0.0,0,2,0,73.1,73.5,0,22,0.0,0,4,3,100.0,4,154.2,4,66.7,1,48,35,11.7,16.0,12.0
Myles Price,123155,WR,INDIANA,1,6,-1.0,2,100.0,,0,0,0.0,0,1,0,70.7,83.7,0,7,0.0,0,2,2,100.0,2,133.3,2,33.3,1,13,15,7.5,6.5,6.5,-1.0,1,100.0,,0,0,0.0,0,0,0,66.7,74.6,0,6,0.0,0,1,1,100.0,1,91.7,1,100.0,0,6,7,7.0,6.0,6.0,,0,,,0,0,,0,0,0,,,0,0,,0,0,0,,0,0.0,0,,0,0,0,,,,10.0,1,100.0,,0,0,0.0,0,1,0,66.7,72.8,0,17,0.0,0,5,1,80.0,4,118.8,1,25.0,0,17,7,7.0,17.0,4.25,7.5,0,100.0,,0,0,0.0,0,2,0,70.7,83.4,0,16,0.0,0,6,2,100.0,6,118.8,2,33.3,0,26,11,5.5,13.0,4.33,0,,0,,,0,0,,0,0,0,,,0,0,,0,0,0,,0,0.0,0,0.0,0,0,0,,,,190,,0,,,0,0,,0,0,0,,,0,0,,0,0,0,,0,0.0,0,,0,0,0,,,,,0,,,0,0,,0,0,0,,,0,0,,0,0,0,,0,0.0,0,,0,0,0,,,,,0,,,0,0,,0,0,0,,,0,0,0.0,0,1,0,100.0,1,0.0,0,0.0,0,0,0,,,0.0,,0,,,0,0,,0,0,0,,,0,0,,0,0,0,,0,0.0,0,,0,0,0,,,,14.5,1,50.0,0.0,0,1,0.0,0,1,0,66.7,71.0,0,17,0.0,0,3,1,66.7,2,79.2,2,33.3,0,17,7,7.0,17.0,8.5,0,-1.0,1,100.0,,0,0,0.0,0,1,0,66.7,74.2,0,7,0.0,0,1,1,100.0,1,135.4,1,100.0,1,7,8,8.0,7.0,7.0,,,,0,,,0,0,,0,0,0,0,0,0.0,0,4,0,75.0,3,0.0,0,0.0,0,0,0,,,0.0,19.0,0,0.0,0.0,0,1,,0,0,0,,59.7,0,0,0.0,0,1,0,100.0,1,39.6,1,100.0,0,0,0,,,0.0,,0,,,0,0,,0,0,0,,,0,0,,0,0,0,,0,0.0,0,,0,0,0,,,,7.5,0,100.0,,0,0,0.0,0,2,0,70.7,83.4,0,16,0.0,0,2,2,100.0,2,118.8,2,33.3,0,26,11,5.5,13.0,13.0
Bru McCoy,71345,WR,TENNESSEE,1,6,,0,,,0,0,,0,0,0,,,0,0,,0,0,0,,0,0.0,0,0.0,0,0,0,,,,,0,,,0,0,,0,0,0,,,0,0,0.0,0,1,0,100.0,1,0.0,0,0.0,0,0,0,,,0.0,,0,,,0,0,,0,0,0,,,0,0,,0,0,0,,0,0.0,0,,0,0,0,,,,16.0,0,0.0,0.0,0,1,,0,0,0,,58.3,0,0,0.0,0,3,0,66.7,2,39.6,1,50.0,0,0,0,,,0.0,4.0,0,100.0,,0,0,0.0,0,0,0,66.7,60.8,0,6,0.0,0,6,1,100.0,6,91.7,1,16.7,0,6,2,2.0,6.0,1.0,0,21.5,0,50.0,0.0,0,1,0.0,0,1,0,66.7,72.7,0,21,0.0,0,2,1,100.0,2,87.5,2,33.3,0,21,0,0.0,21.0,10.5,307,,0,,,0,0,,0,0,0,,,0,0,0.0,0,3,0,100.0,3,0.0,0,0.0,0,0,0,,,0.0,21.5,0,50.0,0.0,0,1,0.0,0,1,0,66.7,72.7,0,21,0.0,0,2,1,100.0,2,87.5,2,100.0,0,21,0,0.0,21.0,10.5,10.0,0,100.0,,0,0,0.0,0,1,0,66.7,74.2,0,11,0.0,0,1,1,100.0,1,112.5,1,100.0,0,11,1,1.0,11.0,11.0,2.0,0,100.0,100.0,1,1,0.0,0,0,0,66.7,60.9,0,2,0.0,0,1,1,100.0,1,79.2,1,100.0,0,2,0,0.0,2.0,2.0,13.0,0,50.0,0.0,0,1,0.0,0,1,0,66.7,70.9,0,11,0.0,0,3,1,66.7,2,66.7,2,33.3,0,11,1,1.0,11.0,5.5,0,,0,,,0,0,,0,0,0,,,0,0,,0,0,0,,0,0.0,0,,0,0,0,,,,,,,0,,,0,0,,0,0,0,0,0,,0,0,0,,0,0.0,0,,0,0,0,,,,,0,,,0,0,,0,0,0,,,0,0,,0,0,0,,0,0.0,0,,0,0,0,,,,,0,,,0,0,,0,0,0,,,0,0,0.0,0,2,0,100.0,2,0.0,0,0.0,0,0,0,,,0.0,3.0,0,100.0,100.0,1,1,0.0,0,0,0,70.7,61.4,0,6,0.0,0,2,2,100.0,2,83.3,2,33.3,0,8,2,1.0,4.0,4.0
Jake Briningstool,124831,TE,CLEMSON,1,6,-5.0,0,0.0,,0,0,,0,0,0,,59.2,0,0,0.0,0,1,0,100.0,1,39.6,1,16.7,0,0,0,,,0.0,-5.0,0,0.0,,0,0,,0,0,0,,59.2,0,0,0.0,0,6,0,100.0,6,39.6,1,16.7,0,0,0,,,0.0,,0,,,0,0,,0,0,0,,,0,0,0.0,0,1,0,100.0,1,0.0,0,0.0,0,0,0,,,0.0,11.5,0,50.0,,0,0,0.0,0,1,0,66.7,72.9,0,27,0.0,0,6,1,100.0,6,95.8,2,33.3,0,27,15,15.0,27.0,4.5,4.5,0,100.0,100.0,1,1,0.0,0,1,0,70.7,76.7,0,8,0.0,0,11,2,100.0,11,95.8,2,18.2,0,14,5,2.5,7.0,1.27,0,23.0,0,100.0,,0,0,0.0,0,1,0,66.7,92.3,0,28,0.0,0,1,1,100.0,1,118.8,1,16.7,0,28,5,5.0,28.0,28.0,140,,0,,,0,0,,0,0,0,,,0,0,0.0,0,1,0,100.0,1,0.0,0,0.0,0,0,0,,,0.0,,0,,,0,0,,0,0,0,,,0,0,0.0,0,2,0,100.0,2,0.0,0,0.0,0,0,0,,,0.0,,0,,,0,0,,0,0,0,,,0,0,0.0,0,1,0,100.0,1,0.0,0,0.0,0,0,0,,,0.0,,0,,,0,0,,0,0,0,,,0,0,0.0,0,1,0,100.0,1,0.0,0,0.0,0,0,0,,,0.0,11.5,0,50.0,,0,0,0.0,0,1,0,66.7,72.9,0,27,0.0,0,2,1,100.0,2,95.8,2,33.3,0,27,15,15.0,27.0,13.5,0,,0,,,0,0,,0,0,0,,,0,0,0.0,0,1,0,100.0,1,0.0,0,0.0,0,0,0,,,0.0,66.7,92.3,23.0,0,100.0,,0,0,0.0,0,1,0,0,28,0.0,0,3,1,100.0,3,118.8,1,33.3,0,28,5,5.0,28.0,9.33,,0,,,0,0,,0,0,0,,,0,0,0.0,0,3,0,66.7,2,0.0,0,0.0,0,0,0,,,0.0,,0,,,0,0,,0,0,0,,,0,0,33.3,1,3,0,66.7,2,0.0,0,0.0,0,0,0,,,0.0,4.5,0,100.0,100.0,1,1,0.0,0,1,0,70.7,76.7,0,8,0.0,0,2,2,100.0,2,95.8,2,33.3,0,14,5,2.5,7.0,7.0
Jordan Hudson,157298,WR,SMU,1,6,-6.0,0,100.0,,0,0,0.0,0,0,0,66.7,61.4,0,3,0.0,0,1,1,100.0,1,79.2,1,16.7,0,3,9,9.0,3.0,3.0,-6.0,0,100.0,,0,0,0.0,0,0,0,66.7,61.4,0,3,0.0,0,3,1,100.0,3,79.2,1,33.3,0,3,9,9.0,3.0,1.0,,0,,,0,0,,0,0,0,,,0,0,0.0,0,2,0,100.0,2,0.0,0,0.0,0,0,0,,,0.0,,0,,,0,0,,0,0,0,,,0,0,0.0,0,2,0,100.0,2,0.0,0,0.0,0,0,0,,,0.0,6.0,0,50.0,100.0,1,1,0.0,0,0,0,66.7,60.2,1,7,12.5,1,8,1,75.0,6,18.8,2,33.3,0,7,0,0.0,7.0,1.17,0,23.5,0,50.0,,0,0,50.0,1,1,0,24.5,59.7,0,22,0.0,0,2,1,100.0,2,89.6,2,33.3,0,22,0,0.0,22.0,11.0,287,,0,,,0,0,,0,0,0,,,0,0,,0,0,0,,0,0.0,0,,0,0,0,,,,,0,,,0,0,,0,0,0,,,0,0,0.0,0,1,0,100.0,1,0.0,0,0.0,0,0,0,,,0.0,,0,,,0,0,,0,0,0,,,0,0,,0,0,0,,0,0.0,0,,0,0,0,,,,,0,,,0,0,,0,0,0,,,0,0,0.0,0,1,0,100.0,1,0.0,0,0.0,0,0,0,,,0.0,,0,,,0,0,,0,0,0,,,0,0,,0,0,0,,0,0.0,0,0.0,0,0,0,,,,0,,0,,,0,0,,0,0,0,,,0,0,,0,0,0,,0,0.0,0,,0,0,0,,,,24.5,59.7,23.5,0,50.0,,0,0,50.0,1,1,0,0,22,0.0,0,2,1,100.0,2,89.6,2,100.0,0,22,0,0.0,22.0,11.0,,0,,,0,0,,0,0,0,,,0,0,100.0,1,1,0,0.0,0,0.0,0,,0,0,0,,,,8.0,0,100.0,100.0,1,1,0.0,0,1,0,66.7,74.2,0,8,0.0,0,1,1,100.0,1,100.0,1,100.0,0,8,0,0.0,8.0,8.0,6.7,0,66.7,100.0,2,2,0.0,0,1,0,70.7,71.1,1,8,0.0,0,3,2,100.0,3,38.9,3,50.0,0,15,0,0.0,7.5,5.0
Brashard Smith,143951,HB,SMU,1,6,-6.0,0,100.0,,0,0,0.0,0,0,0,70.7,69.1,0,7,0.0,0,2,2,100.0,2,79.2,2,33.3,0,1,13,6.5,0.5,0.5,-6.0,0,100.0,,0,0,0.0,0,0,0,70.7,69.1,0,7,0.0,0,5,2,100.0,5,79.2,2,40.0,0,1,13,6.5,0.5,0.2,,0,,,0,0,,0,0,0,,,0,0,50.0,1,2,0,50.0,1,0.0,0,0.0,0,0,0,,,0.0,,0,,,0,0,,0,0,0,,,0,0,,0,0,0,,0,0.0,0,,0,0,0,,,,1.0,0,50.0,,0,0,0.0,0,1,0,66.7,77.3,1,10,0.0,0,7,1,85.7,6,25.0,2,33.3,0,10,9,9.0,10.0,1.67,0,,0,,,0,0,,0,0,0,,,0,0,,0,0,0,,0,0.0,0,0.0,0,0,0,,,,287,,0,,,0,0,,0,0,0,,,0,0,,0,0,0,,0,0.0,0,,0,0,0,,,,,0,,,0,0,,0,0,0,,,0,0,100.0,1,1,0,0.0,0,0.0,0,,0,0,0,,,,,0,,,0,0,,0,0,0,,,0,0,,0,0,0,,0,0.0,0,,0,0,0,,,,2.0,2,100.0,,0,0,0.0,0,1,0,66.7,80.0,0,13,0.0,0,1,1,100.0,1,118.8,1,100.0,0,13,11,11.0,13.0,13.0,16.0,0,0.0,,0,0,,0,0,0,,60.0,0,0,0.0,0,1,0,100.0,1,39.6,1,16.7,0,0,0,,,0.0,0,,0,,,0,0,,0,0,0,,,0,0,0.0,0,1,0,100.0,1,0.0,0,0.0,0,0,0,,,0.0,,,,0,,,0,0,,0,0,0,0,0,100.0,1,1,0,0.0,0,0.0,0,,0,0,0,,,,16.0,0,0.0,,0,0,,0,0,0,,60.0,0,0,0.0,0,1,0,100.0,1,39.6,1,100.0,0,0,0,,,0.0,,0,,,0,0,,0,0,0,,,0,0,0.0,0,1,0,100.0,1,0.0,0,0.0,0,0,0,,,0.0,1.3,2,66.7,,0,0,0.0,0,2,0,70.7,89.1,1,13,0.0,0,4,2,75.0,3,50.0,3,50.0,0,23,20,10.0,11.5,7.67
Nicholas Singleton,164188,HB,PENN STATE,1,5,-4.0,1,50.0,,0,0,50.0,1,0,0,24.5,47.4,0,0,0.0,0,2,1,100.0,2,56.3,2,40.0,0,0,4,4.0,0.0,0.0,-4.0,1,50.0,,0,0,50.0,1,0,0,24.5,47.4,0,0,0.0,0,3,1,100.0,3,56.3,2,66.7,0,0,4,4.0,0.0,0.0,,0,,,0,0,,0,0,0,,,0,0,,0,0,0,,0,0.0,0,,0,0,0,,,,,0,,,0,0,,0,0,0,,,0,0,50.0,1,2,0,50.0,1,0.0,0,0.0,0,0,0,,,0.0,2.0,0,0.0,,0,0,100.0,1,0,0,16.4,28.0,0,0,0.0,0,9,0,100.0,9,39.6,2,22.2,0,0,0,,,0.0,0,,0,,,0,0,,0,0,0,,,0,0,,0,0,0,,0,0.0,0,0.0,0,0,0,,,,266,,0,,,0,0,,0,0,0,,,0,0,,0,0,0,,0,0.0,0,,0,0,0,,,,,0,,,0,0,,0,0,0,,,0,0,,0,0,0,,0,0.0,0,,0,0,0,,,,,0,,,0,0,,0,0,0,,,0,0,100.0,1,1,0,0.0,0,0.0,0,,0,0,0,,,,1.0,0,100.0,,0,0,0.0,0,0,0,66.7,61.3,0,7,0.0,0,2,1,100.0,2,95.8,1,50.0,0,7,6,6.0,7.0,3.5,,0,,,0,0,,0,0,0,,,0,0,,0,0,0,,0,0.0,0,0.0,0,0,0,,,,0,,0,,,0,0,,0,0,0,,,0,0,,0,0,0,,0,0.0,0,,0,0,0,,,,,,,0,,,0,0,,0,0,0,0,0,,0,0,0,,0,0.0,0,,0,0,0,,,,,0,,,0,0,,0,0,0,,,0,0,,0,0,0,,0,0.0,0,,0,0,0,,,,,0,,,0,0,,0,0,0,,,0,0,,0,0,0,,0,0.0,0,,0,0,0,,,,1.7,0,33.3,,0,0,50.0,1,0,0,24.5,41.5,0,7,0.0,0,3,1,100.0,3,42.4,3,60.0,0,7,6,6.0,7.0,2.33
Aneyas Williams,184108,HB,NOTRE DAME,1,4,-4.5,2,100.0,,0,0,0.0,0,0,0,70.7,69.6,0,5,0.0,0,2,2,100.0,2,79.2,2,50.0,0,1,10,5.0,0.5,0.5,-4.5,2,100.0,,0,0,0.0,0,0,0,70.7,69.6,0,5,0.0,0,2,2,100.0,2,79.2,2,100.0,0,1,10,5.0,0.5,0.5,,0,,,0,0,,0,0,0,,,0,0,0.0,0,1,0,100.0,1,0.0,0,0.0,0,0,0,,,0.0,,0,,,0,0,,0,0,0,,,0,0,50.0,1,2,0,50.0,1,0.0,0,0.0,0,0,0,,,0.0,5.0,2,100.0,,0,0,0.0,0,1,0,70.7,81.7,0,9,0.0,0,3,2,100.0,3,95.8,2,66.7,0,14,4,2.0,7.0,4.67,0,,0,,,0,0,,0,0,0,,,0,0,,0,0,0,,0,0.0,0,0.0,0,0,0,,,,258,,0,,,0,0,,0,0,0,,,0,0,,0,0,0,,0,0.0,0,,0,0,0,,,,,0,,,0,0,,0,0,0,,,0,0,,0,0,0,,0,0.0,0,,0,0,0,,,,,0,,,0,0,,0,0,0,,,0,0,,0,0,0,,0,0.0,0,,0,0,0,,,,,0,,,0,0,,0,0,0,,,0,0,0.0,0,2,0,100.0,2,0.0,0,0.0,0,0,0,,,0.0,,0,,,0,0,,0,0,0,,,0,0,,0,0,0,,0,0.0,0,0.0,0,0,0,,,,0,,0,,,0,0,,0,0,0,,,0,0,,0,0,0,,0,0.0,0,,0,0,0,,,,,,,0,,,0,0,,0,0,0,0,0,0.0,0,1,0,100.0,1,0.0,0,0.0,0,0,0,,,0.0,,0,,,0,0,,0,0,0,,,0,0,,0,0,0,,0,0.0,0,,0,0,0,,,,,0,,,0,0,,0,0,0,,,0,0,0.0,0,2,0,50.0,1,0.0,0,0.0,0,0,0,,,0.0,5.0,2,100.0,,0,0,0.0,0,1,0,70.7,81.7,0,9,0.0,0,2,2,100.0,2,95.8,2,50.0,0,14,4,2.0,7.0,7.0
Ryan Wingo,184520,WR,TEXAS,1,4,-3.0,0,100.0,,0,0,0.0,0,0,0,66.7,61.4,0,10,0.0,0,1,1,100.0,1,108.3,1,25.0,0,10,13,13.0,10.0,10.0,,0,,,0,0,,0,0,0,,,0,0,0.0,0,5,0,100.0,5,0.0,0,0.0,0,0,0,,,0.0,,0,,,0,0,,0,0,0,,,0,0,0.0,0,1,0,100.0,1,0.0,0,0.0,0,0,0,,,0.0,,0,,,0,0,,0,0,0,,,0,0,0.0,0,2,0,100.0,2,0.0,0,0.0,0,0,0,,,0.0,,0,,,0,0,,0,0,0,,,0,0,0.0,0,8,0,100.0,8,0.0,0,0.0,0,0,0,,,0.0,0,43.0,0,0.0,0.0,0,1,,0,0,0,,59.7,0,0,0.0,0,1,0,100.0,1,39.6,1,25.0,0,0,0,,,0.0,311,,0,,,0,0,,0,0,0,,,0,0,,0,0,0,,0,0.0,0,,0,0,0,,,,43.0,0,0.0,0.0,0,1,,0,0,0,,59.7,0,0,0.0,0,1,0,100.0,1,39.6,1,100.0,0,0,0,,,0.0,12.0,0,0.0,,0,0,,0,0,0,,57.8,0,0,0.0,0,2,0,50.0,1,39.6,1,100.0,0,0,0,,,0.0,8.0,0,100.0,,0,0,0.0,0,1,0,66.7,74.2,0,13,0.0,0,2,1,100.0,2,118.8,1,50.0,0,13,5,5.0,13.0,6.5,12.0,0,0.0,,0,0,,0,0,0,,57.8,0,0,0.0,0,2,0,50.0,1,39.6,1,25.0,0,0,0,,,0.0,0,-3.0,0,100.0,,0,0,0.0,0,0,0,66.7,61.4,0,10,0.0,0,1,1,100.0,1,108.3,1,100.0,0,10,13,13.0,10.0,10.0,,,,0,,,0,0,,0,0,0,0,0,0.0,0,2,0,0.0,0,0.0,0,,0,0,0,,,,,0,,,0,0,,0,0,0,,,0,0,,0,0,0,,0,0.0,0,,0,0,0,,,,,0,,,0,0,,0,0,0,,,0,0,0.0,0,1,0,100.0,1,0.0,0,0.0,0,0,0,,,0.0,8.0,0,100.0,,0,0,0.0,0,1,0,66.7,74.2,0,13,0.0,0,1,1,100.0,1,118.8,1,25.0,0,13,5,5.0,13.0,13.0
Gee Scott Jr.,129756,TE,OHIO STATE,1,4,-3.0,0,100.0,,0,0,0.0,0,0,0,66.7,62.3,0,-2,0.0,0,1,1,100.0,1,79.2,1,25.0,0,-2,1,1.0,-2.0,-2.0,,0,,,0,0,,0,0,0,,,0,0,33.3,1,3,0,66.7,2,0.0,0,0.0,0,0,0,,,0.0,,0,,,0,0,,0,0,0,,,0,0,0.0,0,2,0,100.0,2,0.0,0,0.0,0,0,0,,,0.0,,0,,,0,0,,0,0,0,,,0,0,0.0,0,1,0,100.0,1,0.0,0,0.0,0,0,0,,,0.0,4.0,0,100.0,,0,0,0.0,0,0,0,66.7,63.3,0,8,0.0,0,5,1,100.0,5,100.0,1,20.0,0,8,4,4.0,8.0,1.6,0,20.0,0,100.0,,0,0,0.0,0,1,0,66.7,74.8,0,26,0.0,0,1,1,100.0,1,118.8,1,25.0,0,26,6,6.0,26.0,26.0,260,,0,,,0,0,,0,0,0,,,0,0,,0,0,0,,0,0.0,0,,0,0,0,,,,,0,,,0,0,,0,0,0,,,0,0,0.0,0,1,0,100.0,1,0.0,0,0.0,0,0,0,,,0.0,,0,,,0,0,,0,0,0,,,0,0,,0,0,0,,0,0.0,0,,0,0,0,,,,4.0,0,100.0,,0,0,0.0,0,0,0,66.7,60.7,0,7,0.0,0,1,1,100.0,1,95.8,1,100.0,0,7,3,3.0,7.0,7.0,,0,,,0,0,,0,0,0,,,0,0,,0,0,0,,0,0.0,0,0.0,0,0,0,,,,0,-3.0,0,100.0,,0,0,0.0,0,0,0,66.7,62.3,0,-2,0.0,0,3,1,100.0,3,79.2,1,33.3,0,-2,1,1.0,-2.0,-0.67,66.7,74.8,20.0,0,100.0,,0,0,0.0,0,1,0,0,26,0.0,0,1,1,100.0,1,118.8,1,100.0,0,26,6,6.0,26.0,26.0,,0,,,0,0,,0,0,0,,,0,0,0.0,0,2,0,100.0,2,0.0,0,0.0,0,0,0,,,0.0,,0,,,0,0,,0,0,0,,,0,0,,0,0,0,,0,0.0,0,,0,0,0,,,,4.0,0,100.0,,0,0,0.0,0,0,0,70.7,62.7,0,8,0.0,0,2,2,100.0,2,97.9,2,50.0,0,15,7,3.5,7.5,7.5
TreVeyon Henderson,145059,HB,OHIO STATE,1,4,-2.0,1,100.0,,0,0,0.0,0,1,0,70.7,88.9,0,10,0.0,0,2,2,100.0,2,104.2,2,50.0,0,18,22,11.0,9.0,9.0,-3.0,0,100.0,,0,0,0.0,0,1,0,66.7,79.7,0,10,0.0,0,1,1,100.0,1,108.3,1,100.0,0,10,13,13.0,10.0,10.0,,0,,,0,0,,0,0,0,,,0,0,,0,0,0,,0,0.0,0,,0,0,0,,,,,0,,,0,0,,0,0,0,,,0,0,,0,0,0,,0,0.0,0,,0,0,0,,,,3.0,0,100.0,,0,0,0.0,0,1,0,66.7,65.8,0,15,0.0,0,5,1,100.0,5,118.8,1,20.0,0,15,12,12.0,15.0,3.0,0,,0,,,0,0,,0,0,0,,,0,0,,0,0,0,,0,0.0,0,0.0,0,0,0,,,,260,-1.0,1,100.0,,0,0,0.0,0,0,0,66.7,74.8,0,8,0.0,0,1,1,100.0,1,100.0,1,100.0,0,8,9,9.0,8.0,8.0,,0,,,0,0,,0,0,0,,,0,0,,0,0,0,,0,0.0,0,,0,0,0,,,,,0,,,0,0,,0,0,0,,,0,0,,0,0,0,,0,0.0,0,,0,0,0,,,,,0,,,0,0,,0,0,0,,,0,0,0.0,0,1,0,100.0,1,0.0,0,0.0,0,0,0,,,0.0,19.0,0,100.0,,0,0,0.0,0,1,0,66.7,74.8,0,21,0.0,0,1,1,100.0,1,118.8,1,25.0,0,21,2,2.0,21.0,21.0,0,,0,,,0,0,,0,0,0,,,0,0,0.0,0,1,0,100.0,1,0.0,0,0.0,0,0,0,,,0.0,,,,0,,,0,0,,0,0,0,0,0,0.0,0,1,0,100.0,1,0.0,0,0.0,0,0,0,,,0.0,19.0,0,100.0,,0,0,0.0,0,1,0,66.7,74.8,0,21,0.0,0,2,1,100.0,2,118.8,1,50.0,0,21,2,2.0,21.0,10.5,,0,,,0,0,,0,0,0,,,0,0,100.0,1,1,0,0.0,0,0.0,0,,0,0,0,,,,3.0,0,100.0,,0,0,0.0,0,1,0,66.7,65.8,0,15,0.0,0,1,1,100.0,1,118.8,1,25.0,0,15,12,12.0,15.0,15.0
Matthew Golden,156165,WR,TEXAS,1,4,,0,,,0,0,,0,0,0,,,0,0,,0,0,0,,0,0.0,0,0.0,0,0,0,,,,,0,,,0,0,,0,0,0,,,0,0,0.0,0,4,0,100.0,4,0.0,0,0.0,0,0,0,,,0.0,38.0,0,100.0,100.0,1,1,0.0,0,1,0,66.7,85.5,0,43,0.0,0,2,1,100.0,2,118.8,1,50.0,0,43,5,5.0,43.0,21.5,,0,,,0,0,,0,0,0,,,0,0,0.0,0,2,0,100.0,2,0.0,0,0.0,0,0,0,,,0.0,3.7,0,33.3,,0,0,50.0,1,0,0,24.5,47.7,0,6,0.0,0,9,1,100.0,9,42.4,3,33.3,0,6,4,4.0,6.0,0.67,0,38.0,0,100.0,100.0,1,1,0.0,0,1,0,66.7,80.9,0,43,0.0,0,3,1,33.3,1,118.8,1,25.0,0,43,5,5.0,43.0,43.0,311,,0,,,0,0,,0,0,0,,,0,0,,0,0,0,,0,0.0,0,,0,0,0,,,,,0,,,0,0,,0,0,0,,,0,0,0.0,0,1,0,100.0,1,0.0,0,0.0,0,0,0,,,0.0,,0,,,0,0,,0,0,0,,,0,0,0.0,0,2,0,50.0,1,0.0,0,0.0,0,0,0,,,0.0,,0,,,0,0,,0,0,0,,,0,0,0.0,0,2,0,100.0,2,0.0,0,0.0,0,0,0,,,0.0,,0,,,0,0,,0,0,0,,,0,0,,0,0,0,,0,0.0,0,0.0,0,0,0,,,,0,,0,,,0,0,,0,0,0,,,0,0,0.0,0,1,0,100.0,1,0.0,0,0.0,0,0,0,,,0.0,,58.6,,0,,,0,0,,0,0,0,0,0,0.0,0,2,0,0.0,0,0.0,0,,0,0,0,,,,,0,,,0,0,,0,0,0,,,0,0,,0,0,0,,0,0.0,0,,0,0,0,,,,,0,,,0,0,,0,0,0,,,0,0,0.0,0,1,0,100.0,1,0.0,0,0.0,0,0,0,,,0.0,3.7,0,33.3,,0,0,50.0,1,0,0,24.5,47.7,0,6,0.0,0,3,1,100.0,3,42.4,3,75.0,0,6,4,4.0,6.0,2.0
Quintrevion Wisner,176190,HB,TEXAS,1,3,-5.0,0,66.7,0.0,0,1,0.0,0,1,0,70.7,62.8,0,6,0.0,0,3,2,100.0,3,70.1,3,100.0,0,0,13,6.5,0.0,0.0,-5.0,0,66.7,0.0,0,1,0.0,0,1,0,70.7,62.8,0,6,25.0,1,4,2,75.0,3,70.1,3,100.0,0,0,13,6.5,0.0,0.0,,0,,,0,0,,0,0,0,,,0,0,0.0,0,1,0,100.0,1,0.0,0,0.0,0,0,0,,,0.0,,0,,,0,0,,0,0,0,,,0,0,,0,0,0,,0,0.0,0,,0,0,0,,,,,0,,,0,0,,0,0,0,,,0,0,16.7,1,6,0,83.3,5,0.0,0,0.0,0,0,0,,,0.0,0,,0,,,0,0,,0,0,0,,,0,0,,0,0,0,,0,0.0,0,0.0,0,0,0,,,,311,,0,,,0,0,,0,0,0,,,0,0,,0,0,0,,0,0.0,0,,0,0,0,,,,,0,,,0,0,,0,0,0,,,0,0,,0,0,0,,0,0.0,0,,0,0,0,,,,,0,,,0,0,,0,0,0,,,0,0,,0,0,0,,0,0.0,0,,0,0,0,,,,,0,,,0,0,,0,0,0,,,0,0,0.0,0,1,0,100.0,1,0.0,0,0.0,0,0,0,,,0.0,,0,,,0,0,,0,0,0,,,0,0,,0,0,0,,0,0.0,0,0.0,0,0,0,,,,0,,0,,,0,0,,0,0,0,,,0,0,100.0,1,1,0,0.0,0,0.0,0,,0,0,0,,,,,,,0,,,0,0,,0,0,0,0,0,0.0,0,1,0,0.0,0,0.0,0,,0,0,0,,,,,0,,,0,0,,0,0,0,,,0,0,,0,0,0,,0,0.0,0,,0,0,0,,,,,0,,,0,0,,0,0,0,,,0,0,,0,0,0,,0,0.0,0,,0,0,0,,,,,0,,,0,0,,0,0,0,,,0,0,,0,0,0,,0,0.0,0,0.0,0,0,0,,,
Matthew Hibner,129581,TE,SMU,1,3,,0,,,0,0,,0,0,0,,,0,0,,0,0,0,,0,0.0,0,0.0,0,0,0,,,,,0,,,0,0,,0,0,0,,,0,0,33.3,2,6,0,66.7,4,0.0,0,0.0,0,0,0,,,0.0,,0,,,0,0,,0,0,0,,,0,0,100.0,1,1,0,0.0,0,0.0,0,,0,0,0,,,,15.0,0,50.0,0.0,0,1,0.0,0,1,0,66.7,75.1,0,20,0.0,0,4,1,100.0,4,85.4,2,50.0,0,20,8,8.0,20.0,5.0,5.0,0,100.0,,0,0,0.0,0,1,0,66.7,74.8,0,18,14.3,1,7,1,71.4,5,118.8,1,20.0,0,18,13,13.0,18.0,3.6,0,,0,,,0,0,,0,0,0,,,0,0,,0,0,0,,0,0.0,0,0.0,0,0,0,,,,287,,0,,,0,0,,0,0,0,,,0,0,,0,0,0,,0,0.0,0,,0,0,0,,,,,0,,,0,0,,0,0,0,,,0,0,100.0,1,1,0,0.0,0,0.0,0,,0,0,0,,,,,0,,,0,0,,0,0,0,,,0,0,,0,0,0,,0,0.0,0,,0,0,0,,,,,0,,,0,0,,0,0,0,,,0,0,0.0,0,1,0,100.0,1,0.0,0,0.0,0,0,0,,,0.0,15.0,0,50.0,0.0,0,1,0.0,0,1,0,66.7,75.1,0,20,0.0,0,2,1,100.0,2,85.4,2,66.7,0,20,8,8.0,20.0,10.0,0,,0,,,0,0,,0,0,0,,,0,0,0.0,0,1,0,100.0,1,0.0,0,0.0,0,0,0,,,0.0,,,,0,,,0,0,,0,0,0,0,0,50.0,2,4,0,0.0,0,0.0,0,,0,0,0,,,,,0,,,0,0,,0,0,0,,,0,0,100.0,1,1,0,0.0,0,0.0,0,,0,0,0,,,,,0,,,0,0,,0,0,0,,,0,0,50.0,1,2,0,50.0,1,0.0,0,0.0,0,0,0,,,0.0,5.0,0,100.0,,0,0,0.0,0,1,0,66.7,74.8,0,18,0.0,0,1,1,100.0,1,118.8,1,33.3,0,18,13,13.0,18.0,18.0
Key'Shawn Smith,143950,WR,SMU,1,3,,0,,,0,0,,0,0,0,,,0,0,,0,0,0,,0,0.0,0,0.0,0,0,0,,,,,0,,,0,0,,0,0,0,,,0,0,0.0,0,5,0,100.0,5,0.0,0,0.0,0,0,0,,,0.0,,0,,,0,0,,0,0,0,,,0,0,0.0,0,1,0,100.0,1,0.0,0,0.0,0,0,0,,,0.0,,0,,,0,0,,0,0,0,,,0,0,0.0,0,2,0,100.0,2,0.0,0,0.0,0,0,0,,,0.0,3.5,0,100.0,,0,0,0.0,0,2,0,70.7,84.0,0,10,0.0,0,7,2,85.7,6,97.9,2,33.3,0,15,8,4.0,7.5,2.5,0,35.0,0,0.0,,0,0,,0,0,0,,57.5,0,0,0.0,0,2,0,50.0,1,39.6,1,33.3,0,0,0,,,0.0,287,,0,,,0,0,,0,0,0,,,0,0,,0,0,0,,0,0.0,0,,0,0,0,,,,35.0,0,0.0,,0,0,,0,0,0,,57.5,0,0,0.0,0,2,0,50.0,1,39.6,1,100.0,0,0,0,,,0.0,,0,,,0,0,,0,0,0,,,0,0,,0,0,0,,0,0.0,0,,0,0,0,,,,,0,,,0,0,,0,0,0,,,0,0,0.0,0,1,0,100.0,1,0.0,0,0.0,0,0,0,,,0.0,,0,,,0,0,,0,0,0,,,0,0,,0,0,0,,0,0.0,0,0.0,0,0,0,,,,0,,0,,,0,0,,0,0,0,,,0,0,,0,0,0,,0,0.0,0,,0,0,0,,,,,,,0,,,0,0,,0,0,0,0,0,0.0,0,3,0,66.7,2,0.0,0,0.0,0,0,0,,,0.0,,0,,,0,0,,0,0,0,,,0,0,0.0,0,1,0,100.0,1,0.0,0,0.0,0,0,0,,,0.0,,0,,,0,0,,0,0,0,,,0,0,0.0,0,1,0,100.0,1,0.0,0,0.0,0,0,0,,,0.0,3.5,0,100.0,,0,0,0.0,0,2,0,70.7,84.0,0,10,0.0,0,2,2,100.0,2,97.9,2,66.7,0,15,8,4.0,7.5,7.5
Beaux Collins,144112,WR,NOTRE DAME,1,3,,0,,,0,0,,0,0,0,,,0,0,,0,0,0,,0,0.0,0,0.0,0,0,0,,,,,0,,,0,0,,0,0,0,,,0,0,0.0,0,7,0,100.0,7,0.0,0,0.0,0,0,0,,,0.0,,0,,,0,0,,0,0,0,,,0,0,0.0,0,1,0,100.0,1,0.0,0,0.0,0,0,0,,,0.0,11.0,0,0.0,,0,0,100.0,1,0,0,16.4,44.8,0,0,0.0,0,3,0,100.0,3,39.6,1,33.3,0,0,0,,,0.0,,0,,,0,0,,0,0,0,,,0,0,0.0,0,7,0,100.0,7,0.0,0,0.0,0,0,0,,,0.0,0,,0,,,0,0,,0,0,0,,,0,0,,0,0,0,,0,0.0,0,0.0,0,0,0,,,,258,,0,,,0,0,,0,0,0,,,0,0,,0,0,0,,0,0.0,0,,0,0,0,,,,,0,,,0,0,,0,0,0,,,0,0,,0,0,0,,0,0.0,0,,0,0,0,,,,,0,,,0,0,,0,0,0,,,0,0,,0,0,0,,0,0.0,0,,0,0,0,,,,,0,,,0,0,,0,0,0,,,0,0,0.0,0,2,0,100.0,2,0.0,0,0.0,0,0,0,,,0.0,11.0,0,0.0,,0,0,100.0,1,0,0,16.4,44.8,0,0,0.0,0,1,0,100.0,1,39.6,1,33.3,0,0,0,,,0.0,0,,0,,,0,0,,0,0,0,,,0,0,,0,0,0,,0,0.0,0,,0,0,0,,,,,,,0,,,0,0,,0,0,0,0,0,0.0,0,1,0,100.0,1,0.0,0,0.0,0,0,0,,,0.0,,0,,,0,0,,0,0,0,,,0,0,,0,0,0,,0,0.0,0,,0,0,0,,,,6.0,1,100.0,,0,0,0.0,0,1,0,70.7,72.3,0,10,0.0,0,3,2,66.7,2,104.2,2,100.0,0,18,6,3.0,9.0,9.0,6.0,1,100.0,,0,0,0.0,0,1,0,70.7,72.3,0,10,0.0,0,2,2,100.0,2,104.2,2,66.7,0,18,6,3.0,9.0,9.0
Miles Cross,145887,WR,INDIANA,1,3,,0,,,0,0,,0,0,0,,,0,0,,0,0,0,,0,0.0,0,0.0,0,0,0,,,,,0,,,0,0,,0,0,0,,,0,0,0.0,0,2,0,100.0,2,0.0,0,0.0,0,0,0,,,0.0,21.0,0,0.0,,0,0,,0,0,0,,59.9,0,0,0.0,0,1,0,100.0,1,39.6,1,100.0,0,0,0,,,0.0,,0,,,0,0,,0,0,0,,,0,0,0.0,0,2,0,100.0,2,0.0,0,0.0,0,0,0,,,0.0,4.5,0,50.0,,0,0,0.0,0,0,0,66.7,60.3,0,1,0.0,0,5,1,80.0,4,56.3,2,50.0,0,1,1,1.0,1.0,0.25,0,21.0,0,0.0,,0,0,,0,0,0,,58.4,0,0,0.0,0,2,0,50.0,1,39.6,1,33.3,0,0,0,,,0.0,190,,0,,,0,0,,0,0,0,,,0,0,,0,0,0,,0,0.0,0,,0,0,0,,,,,0,,,0,0,,0,0,0,,,0,0,0.0,0,1,0,100.0,1,0.0,0,0.0,0,0,0,,,0.0,,0,,,0,0,,0,0,0,,,0,0,,0,0,0,,0,0.0,0,,0,0,0,,,,,0,,,0,0,,0,0,0,,,0,0,,0,0,0,,0,0.0,0,,0,0,0,,,,,0,,,0,0,,0,0,0,,,0,0,,0,0,0,,0,0.0,0,0.0,0,0,0,,,,0,,0,,,0,0,,0,0,0,,,0,0,0.0,0,1,0,100.0,1,0.0,0,0.0,0,0,0,,,0.0,,59.6,,0,,,0,0,,0,0,0,0,0,0.0,0,1,0,0.0,0,0.0,0,,0,0,0,,,,,0,,,0,0,,0,0,0,,,0,0,0.0,0,1,0,100.0,1,0.0,0,0.0,0,0,0,,,0.0,,0,,,0,0,,0,0,0,,,0,0,,0,0,0,,0,0.0,0,,0,0,0,,,,4.5,0,50.0,,0,0,0.0,0,0,0,66.7,60.3,0,1,0.0,0,2,1,100.0,2,56.3,2,66.7,0,1,1,1.0,1.0,0.5
Mitchell Evans,147486,TE,NOTRE DAME,1,3,,0,,,0,0,,0,0,0,,,0,0,,0,0,0,,0,0.0,0,0.0,0,0,0,,,,,0,,,0,0,,0,0,0,,,0,0,0.0,0,4,0,100.0,4,0.0,0,0.0,0,0,0,,,0.0,,0,,,0,0,,0,0,0,,,0,0,,0,0,0,,0,0.0,0,,0,0,0,,,,,0,,,0,0,,0,0,0,,,0,0,0.0,0,2,0,100.0,2,0.0,0,0.0,0,0,0,,,0.0,,0,,,0,0,,0,0,0,,,0,0,0.0,0,4,0,100.0,4,0.0,0,0.0,0,0,0,,,0.0,0,,0,,,0,0,,0,0,0,,,0,0,,0,0,0,,0,0.0,0,0.0,0,0,0,,,,258,,0,,,0,0,,0,0,0,,,0,0,,0,0,0,,0,0.0,0,,0,0,0,,,,,0,,,0,0,,0,0,0,,,0,0,,0,0,0,,0,0.0,0,,0,0,0,,,,,0,,,0,0,,0,0,0,,,0,0,,0,0,0,,0,0.0,0,,0,0,0,,,,3.7,0,66.7,0.0,0,1,0.0,0,0,1,70.7,41.5,0,9,0.0,0,3,2,100.0,3,77.1,3,100.0,0,14,9,4.5,7.0,4.67,,0,,,0,0,,0,0,0,,,0,0,,0,0,0,,0,0.0,0,0.0,0,0,0,,,,0,,0,,,0,0,,0,0,0,,,0,0,,0,0,0,,0,0.0,0,,0,0,0,,,,,,,0,,,0,0,,0,0,0,0,0,0.0,0,1,0,100.0,1,0.0,0,0.0,0,0,0,,,0.0,,0,,,0,0,,0,0,0,,,0,0,0.0,0,1,0,100.0,1,0.0,0,0.0,0,0,0,,,0.0,,0,,,0,0,,0,0,0,,,0,0,0.0,0,3,0,66.7,2,0.0,0,0.0,0,0,0,,,0.0,3.7,0,66.7,0.0,0,1,0.0,0,0,1,70.7,41.5,0,9,0.0,0,3,2,100.0,3,77.1,3,100.0,0,14,9,4.5,7.0,4.67
Adam Randall,156252,WR,CLEMSON,1,3,-3.7,0,33.3,,0,0,50.0,1,0,0,24.5,29.7,0,1,0.0,0,3,1,100.0,3,42.4,3,100.0,0,1,4,4.0,1.0,0.33,-5.0,0,0.0,,0,0,100.0,1,0,0,16.4,28.1,0,0,0.0,0,1,0,100.0,1,39.6,1,100.0,0,0,0,,,0.0,,0,,,0,0,,0,0,0,,,0,0,,0,0,0,,0,0.0,0,,0,0,0,,,,,0,,,0,0,,0,0,0,,,0,0,0.0,0,1,0,100.0,1,0.0,0,0.0,0,0,0,,,0.0,,0,,,0,0,,0,0,0,,,0,0,0.0,0,1,0,100.0,1,0.0,0,0.0,0,0,0,,,0.0,0,,0,,,0,0,,0,0,0,,,0,0,,0,0,0,,0,0.0,0,0.0,0,0,0,,,,140,-3.0,0,100.0,,0,0,0.0,0,0,0,66.7,65.8,0,1,0.0,0,1,1,100.0,1,79.2,1,100.0,0,1,4,4.0,1.0,1.0,,0,,,0,0,,0,0,0,,,0,0,,0,0,0,,0,0.0,0,,0,0,0,,,,,0,,,0,0,,0,0,0,,,0,0,,0,0,0,,0,0.0,0,,0,0,0,,,,,0,,,0,0,,0,0,0,,,0,0,,0,0,0,,0,0.0,0,,0,0,0,,,,,0,,,0,0,,0,0,0,,,0,0,,0,0,0,,0,0.0,0,0.0,0,0,0,,,,0,-3.0,0,0.0,,0,0,,0,0,0,,60.0,0,0,0.0,0,1,0,100.0,1,39.6,1,100.0,0,0,0,,,0.0,,,,0,,,0,0,,0,0,0,0,0,0.0,0,1,0,100.0,1,0.0,0,0.0,0,0,0,,,0.0,,0,,,0,0,,0,0,0,,,0,0,0.0,0,1,0,100.0,1,0.0,0,0.0,0,0,0,,,0.0,,0,,,0,0,,0,0,0,,,0,0,,0,0,0,,0,0.0,0,,0,0,0,,,,,0,,,0,0,,0,0,0,,,0,0,,0,0,0,,0,0.0,0,0.0,0,0,0,,,
Kaytron Allen,164158,HB,PENN STATE,1,3,-1.0,0,0.0,,0,0,,0,0,0,,60.0,0,0,0.0,0,1,0,100.0,1,39.6,1,33.3,0,0,0,,,0.0,,0,,,0,0,,0,0,0,,,0,0,0.0,0,3,0,100.0,3,0.0,0,0.0,0,0,0,,,0.0,,0,,,0,0,,0,0,0,,,0,0,,0,0,0,,0,0.0,0,,0,0,0,,,,,0,,,0,0,,0,0,0,,,0,0,50.0,1,2,0,50.0,1,0.0,0,0.0,0,0,0,,,0.0,2.5,0,100.0,,0,0,0.0,0,2,0,70.7,81.6,0,15,0.0,0,3,2,100.0,3,118.8,2,66.7,0,28,23,11.5,14.0,9.33,0,,0,,,0,0,,0,0,0,,,0,0,,0,0,0,,0,0.0,0,0.0,0,0,0,,,,266,-1.0,0,0.0,,0,0,,0,0,0,,60.0,0,0,0.0,0,1,0,100.0,1,39.6,1,100.0,0,0,0,,,0.0,,0,,,0,0,,0,0,0,,,0,0,,0,0,0,,0,0.0,0,,0,0,0,,,,,0,,,0,0,,0,0,0,,,0,0,,0,0,0,,0,0.0,0,,0,0,0,,,,,0,,,0,0,,0,0,0,,,0,0,50.0,1,2,0,50.0,1,0.0,0,0.0,0,0,0,,,0.0,,0,,,0,0,,0,0,0,,,0,0,,0,0,0,,0,0.0,0,0.0,0,0,0,,,,0,,0,,,0,0,,0,0,0,,,0,0,,0,0,0,,0,0.0,0,,0,0,0,,,,,,,0,,,0,0,,0,0,0,0,0,,0,0,0,,0,0.0,0,,0,0,0,,,,,0,,,0,0,,0,0,0,,,0,0,,0,0,0,,0,0.0,0,,0,0,0,,,,,0,,,0,0,,0,0,0,,,0,0,,0,0,0,,0,0.0,0,,0,0,0,,,,2.5,0,100.0,,0,0,0.0,0,2,0,70.7,81.6,0,15,0.0,0,2,2,100.0,2,118.8,2,66.7,0,28,23,11.5,14.0,14.0
DeAndre Moore Jr.,173164,WR,TEXAS,1,3,,0,,,0,0,,0,0,0,,,0,0,,0,0,0,,0,0.0,0,0.0,0,0,0,,,,,0,,,0,0,,0,0,0,,,0,0,0.0,0,3,0,100.0,3,0.0,0,0.0,0,0,0,,,0.0,,0,,,0,0,,0,0,0,,,0,0,0.0,0,1,0,100.0,1,0.0,0,0.0,0,0,0,,,0.0,,0,,,0,0,,0,0,0,,,0,0,0.0,0,2,0,100.0,2,0.0,0,0.0,0,0,0,,,0.0,4.5,0,100.0,,0,0,0.0,0,1,0,70.7,72.2,0,7,0.0,0,5,2,100.0,5,93.8,2,40.0,0,13,4,2.0,6.5,2.6,0,,0,,,0,0,,0,0,0,,,0,0,,0,0,0,,0,0.0,0,0.0,0,0,0,,,,311,,0,,,0,0,,0,0,0,,,0,0,,0,0,0,,0,0.0,0,,0,0,0,,,,,0,,,0,0,,0,0,0,,,0,0,,0,0,0,,0,0.0,0,,0,0,0,,,,,0,,,0,0,,0,0,0,,,0,0,0.0,0,1,0,100.0,1,0.0,0,0.0,0,0,0,,,0.0,,0,,,0,0,,0,0,0,,,0,0,0.0,0,2,0,100.0,2,0.0,0,0.0,0,0,0,,,0.0,,0,,,0,0,,0,0,0,,,0,0,,0,0,0,,0,0.0,0,0.0,0,0,0,,,,0,,0,,,0,0,,0,0,0,,,0,0,,0,0,0,,0,0.0,0,,0,0,0,,,,,,,0,,,0,0,,0,0,0,0,0,0.0,0,2,0,0.0,0,0.0,0,,0,0,0,,,,,0,,,0,0,,0,0,0,,,0,0,,0,0,0,,0,0.0,0,,0,0,0,,,,5.0,0,0.0,,0,0,100.0,1,0,0,16.4,45.1,1,0,0.0,0,1,0,100.0,1,0.0,1,100.0,0,0,0,,,0.0,4.7,0,66.7,,0,0,33.3,1,1,0,31.6,59.9,1,7,0.0,0,3,2,100.0,3,36.1,3,100.0,0,13,4,2.0,6.5,4.33
Peyton Lewis,184885,HB,TENNESSEE,1,3,-2.7,1,100.0,,0,0,0.0,0,0,0,73.1,65.9,0,4,0.0,0,3,3,100.0,3,79.2,3,100.0,0,7,15,5.0,2.3,2.33,-3.0,0,100.0,,0,0,0.0,0,0,0,70.7,69.6,0,4,0.0,0,2,2,100.0,2,79.2,2,100.0,0,5,11,5.5,2.5,2.5,,0,,,0,0,,0,0,0,,,0,0,,0,0,0,,0,0.0,0,,0,0,0,,,,,0,,,0,0,,0,0,0,,,0,0,,0,0,0,,0,0.0,0,,0,0,0,,,,,0,,,0,0,,0,0,0,,,0,0,100.0,2,2,0,0.0,0,0.0,0,,0,0,0,,,,0,,0,,,0,0,,0,0,0,,,0,0,,0,0,0,,0,0.0,0,0.0,0,0,0,,,,307,-2.0,1,100.0,,0,0,0.0,0,0,0,66.7,60.8,0,2,0.0,0,2,1,100.0,2,79.2,1,50.0,0,2,4,4.0,2.0,1.0,,0,,,0,0,,0,0,0,,,0,0,100.0,1,1,0,0.0,0,0.0,0,,0,0,0,,,,,0,,,0,0,,0,0,0,,,0,0,,0,0,0,,0,0.0,0,,0,0,0,,,,,0,,,0,0,,0,0,0,,,0,0,,0,0,0,,0,0.0,0,,0,0,0,,,,,0,,,0,0,,0,0,0,,,0,0,,0,0,0,,0,0.0,0,0.0,0,0,0,,,,0,,0,,,0,0,,0,0,0,,,0,0,0.0,0,1,0,100.0,1,0.0,0,0.0,0,0,0,,,0.0,,,,0,,,0,0,,0,0,0,0,0,50.0,1,2,0,50.0,1,0.0,0,0.0,0,0,0,,,0.0,,0,,,0,0,,0,0,0,,,0,0,0.0,0,1,0,100.0,1,0.0,0,0.0,0,0,0,,,0.0,,0,,,0,0,,0,0,0,,,0,0,,0,0,0,,0,0.0,0,,0,0,0,,,,,0,,,0,0,,0,0,0,,,0,0,,0,0,0,,0,0.0,0,0.0,0,0,0,,,
Braylon Staley,184893,WR,TENNESSEE,1,3,-1.0,0,100.0,,0,0,0.0,0,0,0,70.7,61.3,0,7,0.0,0,2,2,100.0,2,89.6,2,66.7,0,11,13,6.5,5.5,5.5,,0,,,0,0,,0,0,0,,,0,0,0.0,0,2,0,100.0,2,0.0,0,0.0,0,0,0,,,0.0,,0,,,0,0,,0,0,0,,,0,0,,0,0,0,,0,0.0,0,,0,0,0,,,,,0,,,0,0,,0,0,0,,,0,0,0.0,0,1,0,100.0,1,0.0,0,0.0,0,0,0,,,0.0,,0,,,0,0,,0,0,0,,,0,0,0.0,0,5,0,100.0,5,0.0,0,0.0,0,0,0,,,0.0,0,,0,,,0,0,,0,0,0,,,0,0,,0,0,0,,0,0.0,0,0.0,0,0,0,,,,307,-1.0,0,100.0,,0,0,0.0,0,0,0,66.7,60.7,0,7,0.0,0,3,1,100.0,3,95.8,1,33.3,0,7,8,8.0,7.0,2.33,,0,,,0,0,,0,0,0,,,0,0,0.0,0,2,0,100.0,2,0.0,0,0.0,0,0,0,,,0.0,,0,,,0,0,,0,0,0,,,0,0,0.0,0,1,0,100.0,1,0.0,0,0.0,0,0,0,,,0.0,,0,,,0,0,,0,0,0,,,0,0,0.0,0,1,0,100.0,1,0.0,0,0.0,0,0,0,,,0.0,16.0,0,0.0,,0,0,,0,0,0,,59.2,0,0,0.0,0,1,0,100.0,1,39.6,1,33.3,0,0,0,,,0.0,0,-1.0,0,100.0,,0,0,0.0,0,0,0,66.7,60.8,0,4,0.0,0,1,1,100.0,1,83.3,1,100.0,0,4,5,5.0,4.0,4.0,,,,0,,,0,0,,0,0,0,0,0,0.0,0,2,0,100.0,2,0.0,0,0.0,0,0,0,,,0.0,16.0,0,0.0,,0,0,,0,0,0,,59.2,0,0,0.0,0,2,0,100.0,2,39.6,1,50.0,0,0,0,,,0.0,,0,,,0,0,,0,0,0,,,0,0,0.0,0,2,0,100.0,2,0.0,0,0.0,0,0,0,,,0.0,,0,,,0,0,,0,0,0,,,0,0,,0,0,0,,0,0.0,0,0.0,0,0,0,,,
Romello Brinson,143936,WR,SMU,1,2,-2.0,0,100.0,100.0,1,1,0.0,0,0,0,66.7,60.3,0,-2,0.0,0,1,1,100.0,1,79.2,1,50.0,0,-2,0,0.0,-2.0,-2.0,,0,,,0,0,,0,0,0,,,0,0,0.0,0,5,0,100.0,5,0.0,0,0.0,0,0,0,,,0.0,,0,,,0,0,,0,0,0,,,0,0,,0,0,0,,0,0.0,0,,0,0,0,,,,,0,,,0,0,,0,0,0,,,0,0,0.0,0,2,0,100.0,2,0.0,0,0.0,0,0,0,,,0.0,,0,,,0,0,,0,0,0,,,0,0,0.0,0,2,0,100.0,2,0.0,0,0.0,0,0,0,,,0.0,0,,0,,,0,0,,0,0,0,,58.1,0,0,0.0,0,2,0,0.0,0,0.0,0,0.0,0,0,0,,,,287,,0,,,0,0,,0,0,0,,,0,0,,0,0,0,,0,0.0,0,,0,0,0,,,,,0,,,0,0,,0,0,0,,,0,0,0.0,0,1,0,0.0,0,0.0,0,,0,0,0,,,,,0,,,0,0,,0,0,0,,,0,0,,0,0,0,,0,0.0,0,,0,0,0,,,,,0,,,0,0,,0,0,0,,,0,0,,0,0,0,,0,0.0,0,,0,0,0,,,,,0,,,0,0,,0,0,0,,,0,0,,0,0,0,,0,0.0,0,0.0,0,0,0,,,,0,-2.0,0,100.0,100.0,1,1,0.0,0,0,0,66.7,60.3,0,-2,0.0,0,1,1,100.0,1,79.2,1,100.0,0,-2,0,0.0,-2.0,-2.0,,58.1,,0,,,0,0,,0,0,0,0,0,0.0,0,3,0,0.0,0,0.0,0,,0,0,0,,,,,0,,,0,0,,0,0,0,,,0,0,,0,0,0,,0,0.0,0,,0,0,0,,,,6.0,0,0.0,0.0,0,1,,0,0,0,,59.1,0,0,0.0,0,1,0,100.0,1,39.6,1,100.0,0,0,0,,,0.0,6.0,0,0.0,0.0,0,1,,0,0,0,,59.1,0,0,0.0,0,1,0,100.0,1,39.6,1,50.0,0,0,0,,,0.0
Squirrel White,163776,WR,TENNESSEE,1,2,,0,,,0,0,,0,0,0,,,0,0,,0,0,0,,0,0.0,0,0.0,0,0,0,,,,,0,,,0,0,,0,0,0,,,0,0,,0,0,0,,0,0.0,0,,0,0,0,,,,,0,,,0,0,,0,0,0,,,0,0,,0,0,0,,0,0.0,0,,0,0,0,,,,16.0,0,100.0,100.0,1,1,0.0,0,1,0,66.7,74.2,0,17,0.0,0,2,1,100.0,2,118.8,1,50.0,0,17,1,1.0,17.0,8.5,,0,,,0,0,,0,0,0,,,0,0,,0,0,0,,0,0.0,0,,0,0,0,,,,0,28.0,0,0.0,,0,0,,0,0,0,,60.0,0,0,0.0,0,1,0,100.0,1,39.6,1,50.0,0,0,0,,,0.0,307,,0,,,0,0,,0,0,0,,,0,0,,0,0,0,,0,0.0,0,,0,0,0,,,,,0,,,0,0,,0,0,0,,,0,0,0.0,0,1,0,100.0,1,0.0,0,0.0,0,0,0,,,0.0,,0,,,0,0,,0,0,0,,,0,0,,0,0,0,,0,0.0,0,,0,0,0,,,,,0,,,0,0,,0,0,0,,,0,0,,0,0,0,,0,0.0,0,,0,0,0,,,,16.0,0,100.0,100.0,1,1,0.0,0,1,0,66.7,74.2,0,17,0.0,0,1,1,100.0,1,118.8,1,50.0,0,17,1,1.0,17.0,17.0,0,,0,,,0,0,,0,0,0,,,0,0,,0,0,0,,0,0.0,0,,0,0,0,,,,,60.0,28.0,0,0.0,,0,0,,0,0,0,0,0,0.0,0,1,0,100.0,1,39.6,1,100.0,0,0,0,,,0.0,,0,,,0,0,,0,0,0,,,0,0,,0,0,0,,0,0.0,0,,0,0,0,,,,,0,,,0,0,,0,0,0,,,0,0,,0,0,0,,0,0.0,0,,0,0,0,,,,,0,,,0,0,,0,0,0,,,0,0,,0,0,0,,0,0.0,0,0.0,0,0,0,,,
Jeremiyah Love,171090,HB,NOTRE DAME,1,2,-1.0,1,100.0,,0,0,0.0,0,1,0,66.7,79.7,0,10,0.0,0,1,1,100.0,1,108.3,1,50.0,0,10,11,11.0,10.0,10.0,-1.0,1,100.0,,0,0,0.0,0,1,0,66.7,79.7,0,10,0.0,0,2,1,100.0,2,108.3,1,50.0,0,10,11,11.0,10.0,5.0,,0,,,0,0,,0,0,0,,,0,0,,0,0,0,,0,0.0,0,,0,0,0,,,,,0,,,0,0,,0,0,0,,,0,0,,0,0,0,,0,0.0,0,,0,0,0,,,,2.0,0,100.0,,0,0,0.0,0,0,0,66.7,66.0,0,8,0.0,0,3,1,100.0,3,100.0,1,33.3,0,8,6,6.0,8.0,2.67,0,,0,,,0,0,,0,0,0,,,0,0,,0,0,0,,0,0.0,0,0.0,0,0,0,,,,258,,0,,,0,0,,0,0,0,,,0,0,,0,0,0,,0,0.0,0,,0,0,0,,,,,0,,,0,0,,0,0,0,,,0,0,,0,0,0,,0,0.0,0,,0,0,0,,,,,0,,,0,0,,0,0,0,,,0,0,,0,0,0,,0,0.0,0,,0,0,0,,,,,0,,,0,0,,0,0,0,,,0,0,0.0,0,1,0,100.0,1,0.0,0,0.0,0,0,0,,,0.0,,0,,,0,0,,0,0,0,,,0,0,,0,0,0,,0,0.0,0,0.0,0,0,0,,,,0,,0,,,0,0,,0,0,0,,,0,0,,0,0,0,,0,0.0,0,,0,0,0,,,,,,,0,,,0,0,,0,0,0,0,0,,0,0,0,,0,0.0,0,,0,0,0,,,,,0,,,0,0,,0,0,0,,,0,0,0.0,0,1,0,100.0,1,0.0,0,0.0,0,0,0,,,0.0,,0,,,0,0,,0,0,0,,,0,0,100.0,1,1,0,0.0,0,0.0,0,,0,0,0,,,,2.0,0,100.0,,0,0,0.0,0,0,0,66.7,66.0,0,8,0.0,0,1,1,100.0,1,100.0,1,50.0,0,8,6,6.0,8.0,8.0
Mike Matthews,184887,WR,TENNESSEE,1,2,,0,,,0,0,,0,0,0,,,0,0,,0,0,0,,0,0.0,0,0.0,0,0,0,,,,,0,,,0,0,,0,0,0,,,0,0,0.0,0,2,0,100.0,2,0.0,0,0.0,0,0,0,,,0.0,,0,,,0,0,,0,0,0,,,0,0,,0,0,0,,0,0.0,0,,0,0,0,,,,,0,,,0,0,,0,0,0,,,0,0,,0,0,0,,0,0.0,0,,0,0,0,,,,9.0,0,0.0,,0,0,,0,0,0,,59.3,0,0,0.0,0,2,0,100.0,2,39.6,1,50.0,0,0,0,,,0.0,0,41.0,0,0.0,0.0,0,1,,0,0,0,,59.9,0,0,0.0,0,1,0,100.0,1,39.6,1,50.0,0,0,0,,,0.0,307,,0,,,0,0,,0,0,0,,,0,0,0.0,0,2,0,100.0,2,0.0,0,0.0,0,0,0,,,0.0,41.0,0,0.0,0.0,0,1,,0,0,0,,59.9,0,0,0.0,0,1,0,100.0,1,39.6,1,100.0,0,0,0,,,0.0,,0,,,0,0,,0,0,0,,,0,0,,0,0,0,,0,0.0,0,,0,0,0,,,,,0,,,0,0,,0,0,0,,,0,0,0.0,0,1,0,100.0,1,0.0,0,0.0,0,0,0,,,0.0,,0,,,0,0,,0,0,0,,,0,0,,0,0,0,,0,0.0,0,0.0,0,0,0,,,,0,,0,,,0,0,,0,0,0,,,0,0,,0,0,0,,0,0.0,0,,0,0,0,,,,,,,0,,,0,0,,0,0,0,0,0,0.0,0,3,0,100.0,3,0.0,0,0.0,0,0,0,,,0.0,,0,,,0,0,,0,0,0,,,0,0,,0,0,0,,0,0.0,0,,0,0,0,,,,,0,,,0,0,,0,0,0,,,0,0,,0,0,0,,0,0.0,0,,0,0,0,,,,9.0,0,0.0,,0,0,,0,0,0,,59.3,0,0,0.0,0,1,0,100.0,1,39.6,1,50.0,0,0,0,,,0.0
Jaydon Blue,157303,HB,TEXAS,1,2,-3.0,1,100.0,,0,0,0.0,0,1,0,66.7,80.0,0,21,0.0,0,1,1,100.0,1,118.8,1,50.0,0,21,24,24.0,21.0,21.0,-3.0,1,100.0,,0,0,0.0,0,1,0,66.7,80.0,0,21,0.0,0,1,1,100.0,1,118.8,1,100.0,0,21,24,24.0,21.0,21.0,,0,,,0,0,,0,0,0,,,0,0,0.0,0,2,0,100.0,2,0.0,0,0.0,0,0,0,,,0.0,,0,,,0,0,,0,0,0,,,0,0,0.0,0,2,0,100.0,2,0.0,0,0.0,0,0,0,,,0.0,,0,,,0,0,,0,0,0,,,0,0,33.3,1,3,0,66.7,2,0.0,0,0.0,0,0,0,,,0.0,0,,0,,,0,0,,0,0,0,,,0,0,,0,0,0,,0,0.0,0,0.0,0,0,0,,,,311,,0,,,0,0,,0,0,0,,,0,0,,0,0,0,,0,0.0,0,,0,0,0,,,,,0,,,0,0,,0,0,0,,,0,0,0.0,0,1,0,100.0,1,0.0,0,0.0,0,0,0,,,0.0,,0,,,0,0,,0,0,0,,,0,0,0.0,0,2,0,50.0,1,0.0,0,0.0,0,0,0,,,0.0,9.0,0,100.0,,0,0,0.0,0,1,0,66.7,79.5,0,10,0.0,0,1,1,100.0,1,108.3,1,100.0,0,10,1,1.0,10.0,10.0,,0,,,0,0,,0,0,0,,,0,0,,0,0,0,,0,0.0,0,0.0,0,0,0,,,,0,,0,,,0,0,,0,0,0,,,0,0,,0,0,0,,0,0.0,0,,0,0,0,,,,,,,0,,,0,0,,0,0,0,0,0,0.0,0,1,0,0.0,0,0.0,0,,0,0,0,,,,,0,,,0,0,,0,0,0,,,0,0,,0,0,0,,0,0.0,0,,0,0,0,,,,,0,,,0,0,,0,0,0,,,0,0,0.0,0,1,0,100.0,1,0.0,0,0.0,0,0,0,,,0.0,9.0,0,100.0,,0,0,0.0,0,1,0,66.7,79.5,0,10,0.0,0,1,1,100.0,1,108.3,1,50.0,0,10,1,1.0,10.0,10.0
Justice Ellison,123383,HB,INDIANA,1,2,-1.5,1,100.0,,0,0,0.0,0,0,0,70.7,69.9,0,7,0.0,0,2,2,100.0,2,79.2,2,100.0,0,6,9,4.5,3.0,3.0,-1.5,1,100.0,,0,0,0.0,0,0,0,70.7,69.9,0,7,0.0,0,3,2,100.0,3,79.2,2,66.7,0,6,9,4.5,3.0,2.0,,0,,,0,0,,0,0,0,,,0,0,,0,0,0,,0,0.0,0,,0,0,0,,,,,0,,,0,0,,0,0,0,,,0,0,25.0,1,4,0,75.0,3,0.0,0,0.0,0,0,0,,,0.0,,0,,,0,0,,0,0,0,,,0,0,25.0,2,8,0,62.5,5,0.0,0,0.0,0,0,0,,,0.0,0,,0,,,0,0,,0,0,0,,,0,0,,0,0,0,,0,0.0,0,0.0,0,0,0,,,,190,,0,,,0,0,,0,0,0,,,0,0,,0,0,0,,0,0.0,0,,0,0,0,,,,,0,,,0,0,,0,0,0,,,0,0,100.0,2,2,0,0.0,0,0.0,0,,0,0,0,,,,,0,,,0,0,,0,0,0,,,0,0,,0,0,0,,0,0.0,0,,0,0,0,,,,,0,,,0,0,,0,0,0,,,0,0,0.0,0,2,0,100.0,2,0.0,0,0.0,0,0,0,,,0.0,,0,,,0,0,,0,0,0,,,0,0,,0,0,0,,0,0.0,0,0.0,0,0,0,,,,0,,0,,,0,0,,0,0,0,,,0,0,0.0,0,1,0,100.0,1,0.0,0,0.0,0,0,0,,,0.0,,,,0,,,0,0,,0,0,0,0,0,50.0,2,4,0,50.0,2,0.0,0,0.0,0,0,0,,,0.0,,0,,,0,0,,0,0,0,,,0,0,100.0,1,1,0,0.0,0,0.0,0,,0,0,0,,,,,0,,,0,0,,0,0,0,,,0,0,,0,0,0,,0,0.0,0,,0,0,0,,,,,0,,,0,0,,0,0,0,,,0,0,,0,0,0,,0,0.0,0,0.0,0,0,0,,,
Eli Raridon,156970,TE,NOTRE DAME,1,2,,0,,,0,0,,0,0,0,,,0,0,,0,0,0,,0,0.0,0,0.0,0,0,0,,,,,0,,,0,0,,0,0,0,,,0,0,25.0,1,4,0,75.0,3,0.0,0,0.0,0,0,0,,,0.0,,0,,,0,0,,0,0,0,,,0,0,0.0,0,1,0,100.0,1,0.0,0,0.0,0,0,0,,,0.0,,0,,,0,0,,0,0,0,,,0,0,100.0,1,1,0,0.0,0,0.0,0,,0,0,0,,,,4.5,0,50.0,,0,0,0.0,0,1,0,66.7,60.9,1,4,0.0,0,5,1,100.0,5,16.7,2,40.0,0,4,0,0.0,4.0,0.8,0,,0,,,0,0,,0,0,0,,,0,0,,0,0,0,,0,0.0,0,0.0,0,0,0,,,,258,,0,,,0,0,,0,0,0,,,0,0,,0,0,0,,0,0.0,0,,0,0,0,,,,,0,,,0,0,,0,0,0,,,0,0,,0,0,0,,0,0.0,0,,0,0,0,,,,,0,,,0,0,,0,0,0,,,0,0,,0,0,0,,0,0.0,0,,0,0,0,,,,,0,,,0,0,,0,0,0,,,0,0,,0,0,0,,0,0.0,0,,0,0,0,,,,,0,,,0,0,,0,0,0,,,0,0,,0,0,0,,0,0.0,0,0.0,0,0,0,,,,0,,0,,,0,0,,0,0,0,,,0,0,,0,0,0,,0,0.0,0,,0,0,0,,,,,,,0,,,0,0,,0,0,0,0,0,,0,0,0,,0,0.0,0,,0,0,0,,,,,0,,,0,0,,0,0,0,,,0,0,,0,0,0,,0,0.0,0,,0,0,0,,,,,0,,,0,0,,0,0,0,,,0,0,,0,0,0,,0,0.0,0,,0,0,0,,,,4.5,0,50.0,,0,0,0.0,0,1,0,66.7,60.9,1,4,0.0,0,2,1,100.0,2,16.7,2,100.0,0,4,0,0.0,4.0,2.0
Phil Mafah,144123,HB,CLEMSON,1,2,-1.5,0,100.0,,0,0,0.0,0,0,0,70.7,69.9,0,13,0.0,0,2,2,100.0,2,97.9,2,100.0,0,15,18,9.0,7.5,7.5,-1.5,0,100.0,,0,0,0.0,0,0,0,70.7,69.9,0,13,0.0,0,2,2,100.0,2,97.9,2,100.0,0,15,18,9.0,7.5,7.5,,0,,,0,0,,0,0,0,,,0,0,,0,0,0,,0,0.0,0,,0,0,0,,,,,0,,,0,0,,0,0,0,,,0,0,,0,0,0,,0,0.0,0,,0,0,0,,,,,0,,,0,0,,0,0,0,,,0,0,0.0,0,5,0,100.0,5,0.0,0,0.0,0,0,0,,,0.0,0,,0,,,0,0,,0,0,0,,,0,0,,0,0,0,,0,0.0,0,0.0,0,0,0,,,,140,,0,,,0,0,,0,0,0,,,0,0,,0,0,0,,0,0.0,0,,0,0,0,,,,,0,,,0,0,,0,0,0,,,0,0,,0,0,0,,0,0.0,0,,0,0,0,,,,,0,,,0,0,,0,0,0,,,0,0,,0,0,0,,0,0.0,0,,0,0,0,,,,,0,,,0,0,,0,0,0,,,0,0,,0,0,0,,0,0.0,0,,0,0,0,,,,,0,,,0,0,,0,0,0,,,0,0,,0,0,0,,0,0.0,0,0.0,0,0,0,,,,0,,0,,,0,0,,0,0,0,,,0,0,,0,0,0,,0,0.0,0,,0,0,0,,,,,,,0,,,0,0,,0,0,0,0,0,,0,0,0,,0,0.0,0,,0,0,0,,,,,0,,,0,0,,0,0,0,,,0,0,,0,0,0,,0,0.0,0,,0,0,0,,,,,0,,,0,0,,0,0,0,,,0,0,,0,0,0,,0,0.0,0,,0,0,0,,,,,0,,,0,0,,0,0,0,,,0,0,,0,0,0,,0,0.0,0,0.0,0,0,0,,,
Jarvis Green,170007,HB,CLEMSON,1,2,,0,,,0,0,,0,0,0,,,0,0,,0,0,0,,0,0.0,0,0.0,0,0,0,,,,,0,,,0,0,,0,0,0,,,0,0,100.0,1,1,0,0.0,0,0.0,0,,0,0,0,,,,24.0,0,100.0,,0,0,0.0,0,1,0,66.7,89.4,0,25,0.0,0,1,1,100.0,1,158.3,1,100.0,1,25,1,1.0,25.0,25.0,,0,,,0,0,,0,0,0,,,0,0,,0,0,0,,0,0.0,0,,0,0,0,,,,7.0,1,100.0,100.0,1,1,0.0,0,1,0,66.7,79.6,0,10,0.0,0,2,1,100.0,2,108.3,1,50.0,0,10,3,3.0,10.0,5.0,0,24.0,0,100.0,,0,0,0.0,0,1,0,66.7,89.4,0,25,0.0,0,1,1,100.0,1,158.3,1,50.0,1,25,1,1.0,25.0,25.0,140,,0,,,0,0,,0,0,0,,,0,0,,0,0,0,,0,0.0,0,,0,0,0,,,,,0,,,0,0,,0,0,0,,,0,0,,0,0,0,,0,0.0,0,,0,0,0,,,,,0,,,0,0,,0,0,0,,,0,0,,0,0,0,,0,0.0,0,,0,0,0,,,,,0,,,0,0,,0,0,0,,,0,0,0.0,0,1,0,100.0,1,0.0,0,0.0,0,0,0,,,0.0,,0,,,0,0,,0,0,0,,,0,0,,0,0,0,,0,0.0,0,0.0,0,0,0,,,,0,,0,,,0,0,,0,0,0,,,0,0,,0,0,0,,0,0.0,0,,0,0,0,,,,,,,0,,,0,0,,0,0,0,0,0,,0,0,0,,0,0.0,0,,0,0,0,,,,,0,,,0,0,,0,0,0,,,0,0,,0,0,0,,0,0.0,0,,0,0,0,,,,,0,,,0,0,,0,0,0,,,0,0,0.0,0,2,0,100.0,2,0.0,0,0.0,0,0,0,,,0.0,7.0,1,100.0,100.0,1,1,0.0,0,1,0,66.7,79.6,0,10,0.0,0,1,1,100.0,1,108.3,1,50.0,0,10,3,3.0,10.0,10.0
LJ Johnson Jr.,147003,HB,SMU,1,2,-11.0,0,100.0,,0,0,0.0,0,0,0,66.7,66.1,0,2,0.0,0,1,1,100.0,1,79.2,1,50.0,0,2,13,13.0,2.0,2.0,-11.0,0,100.0,,0,0,0.0,0,0,0,66.7,66.1,0,2,33.3,1,3,1,66.7,2,79.2,1,50.0,0,2,13,13.0,2.0,1.0,,0,,,0,0,,0,0,0,,,0,0,,0,0,0,,0,0.0,0,,0,0,0,,,,10.0,0,0.0,,0,0,,0,0,0,,60.0,1,0,50.0,2,4,0,50.0,2,0.0,1,50.0,0,0,0,,,0.0,,0,,,0,0,,0,0,0,,,0,0,0.0,0,2,0,100.0,2,0.0,0,0.0,0,0,0,,,0.0,0,,0,,,0,0,,0,0,0,,,0,0,,0,0,0,,0,0.0,0,0.0,0,0,0,,,,287,,0,,,0,0,,0,0,0,,,0,0,,0,0,0,,0,0.0,0,,0,0,0,,,,,0,,,0,0,,0,0,0,,,0,0,,0,0,0,,0,0.0,0,,0,0,0,,,,,0,,,0,0,,0,0,0,,,0,0,,0,0,0,,0,0.0,0,,0,0,0,,,,,0,,,0,0,,0,0,0,,,0,0,,0,0,0,,0,0.0,0,,0,0,0,,,,10.0,0,0.0,,0,0,,0,0,0,,60.0,1,0,0.0,0,1,0,100.0,1,0.0,1,50.0,0,0,0,,,0.0,0,,0,,,0,0,,0,0,0,,,0,0,,0,0,0,,0,0.0,0,,0,0,0,,,,,,,0,,,0,0,,0,0,0,0,0,25.0,1,4,0,25.0,1,0.0,0,0.0,0,0,0,,,0.0,,0,,,0,0,,0,0,0,,,0,0,,0,0,0,,0,0.0,0,,0,0,0,,,,,0,,,0,0,,0,0,0,,,0,0,100.0,1,1,0,0.0,0,0.0,0,,0,0,0,,,,,0,,,0,0,,0,0,0,,,0,0,,0,0,0,,0,0.0,0,0.0,0,0,0,,,
Jayden Thomas,147485,WR,NOTRE DAME,1,2,-4.0,2,100.0,,0,0,0.0,0,0,0,66.7,74.6,0,8,0.0,0,1,1,100.0,1,100.0,1,50.0,0,8,12,12.0,8.0,8.0,-4.0,2,100.0,,0,0,0.0,0,0,0,66.7,74.6,0,8,0.0,0,2,1,100.0,2,100.0,1,50.0,0,8,12,12.0,8.0,4.0,,0,,,0,0,,0,0,0,,,0,0,,0,0,0,,0,0.0,0,,0,0,0,,,,12.0,0,100.0,,0,0,0.0,0,1,0,66.7,74.0,0,5,0.0,0,1,1,100.0,1,127.1,1,100.0,1,5,0,0.0,5.0,5.0,,0,,,0,0,,0,0,0,,,0,0,0.0,0,2,0,100.0,2,0.0,0,0.0,0,0,0,,,0.0,0,,0,,,0,0,,0,0,0,,,0,0,,0,0,0,,0,0.0,0,0.0,0,0,0,,,,258,,0,,,0,0,,0,0,0,,,0,0,,0,0,0,,0,0.0,0,,0,0,0,,,,,0,,,0,0,,0,0,0,,,0,0,,0,0,0,,0,0.0,0,,0,0,0,,,,,0,,,0,0,,0,0,0,,,0,0,,0,0,0,,0,0.0,0,,0,0,0,,,,,0,,,0,0,,0,0,0,,,0,0,0.0,0,1,0,100.0,1,0.0,0,0.0,0,0,0,,,0.0,12.0,0,100.0,,0,0,0.0,0,1,0,66.7,74.0,0,5,0.0,0,1,1,100.0,1,127.1,1,50.0,1,5,0,0.0,5.0,5.0,0,,0,,,0,0,,0,0,0,,,0,0,,0,0,0,,0,0.0,0,,0,0,0,,,,,,,0,,,0,0,,0,0,0,0,0,,0,0,0,,0,0.0,0,,0,0,0,,,,,0,,,0,0,,0,0,0,,,0,0,0.0,0,1,0,100.0,1,0.0,0,0.0,0,0,0,,,0.0,,0,,,0,0,,0,0,0,,,0,0,,0,0,0,,0,0.0,0,,0,0,0,,,,,0,,,0,0,,0,0,0,,,0,0,,0,0,0,,0,0.0,0,0.0,0,0,0,,,
Omar Cooper Jr.,156395,WR,INDIANA,1,2,,0,,,0,0,,0,0,0,,,0,0,,0,0,0,,0,0.0,0,0.0,0,0,0,,,,,0,,,0,0,,0,0,0,,,0,0,0.0,0,3,0,100.0,3,0.0,0,0.0,0,0,0,,,0.0,,0,,,0,0,,0,0,0,,,0,0,,0,0,0,,0,0.0,0,,0,0,0,,,,,0,,,0,0,,0,0,0,,,0,0,0.0,0,5,0,80.0,4,0.0,0,0.0,0,0,0,,,0.0,,0,,,0,0,,0,0,0,,,0,0,0.0,0,7,0,85.7,6,0.0,0,0.0,0,0,0,,,0.0,0,22.0,0,50.0,100.0,1,1,0.0,0,1,0,66.7,83.2,0,23,0.0,0,2,1,100.0,2,131.3,2,100.0,1,23,2,2.0,23.0,11.5,190,,0,,,0,0,,0,0,0,,,0,0,,0,0,0,,0,0.0,0,,0,0,0,,,,,0,,,0,0,,0,0,0,,,0,0,0.0,0,2,0,100.0,2,0.0,0,0.0,0,0,0,,,0.0,,0,,,0,0,,0,0,0,,,0,0,0.0,0,1,0,100.0,1,0.0,0,0.0,0,0,0,,,0.0,,0,,,0,0,,0,0,0,,,0,0,0.0,0,2,0,100.0,2,0.0,0,0.0,0,0,0,,,0.0,,0,,,0,0,,0,0,0,,,0,0,,0,0,0,,0,0.0,0,0.0,0,0,0,,,,0,,0,,,0,0,,0,0,0,,,0,0,,0,0,0,,0,0.0,0,,0,0,0,,,,66.7,83.2,22.0,0,50.0,100.0,1,1,0.0,0,1,0,0,23,0.0,0,3,1,100.0,3,131.3,2,66.7,1,23,2,2.0,23.0,7.67,,0,,,0,0,,0,0,0,,,0,0,,0,0,0,,0,0.0,0,,0,0,0,,,,,0,,,0,0,,0,0,0,,,0,0,0.0,0,1,0,100.0,1,0.0,0,0.0,0,0,0,,,0.0,,0,,,0,0,,0,0,0,,,0,0,,0,0,0,,0,0.0,0,0.0,0,0,0,,,
Quinshon Judkins,157128,HB,OHIO STATE,1,2,-4.0,1,100.0,,0,0,0.0,0,0,0,66.7,66.0,0,6,0.0,0,1,1,100.0,1,91.7,1,50.0,0,6,10,10.0,6.0,6.0,,0,,,0,0,,0,0,0,,,0,0,0.0,0,4,0,100.0,4,0.0,0,0.0,0,0,0,,,0.0,,0,,,0,0,,0,0,0,,,0,0,0.0,0,2,0,100.0,2,0.0,0,0.0,0,0,0,,,0.0,,0,,,0,0,,0,0,0,,,0,0,0.0,0,1,0,100.0,1,0.0,0,0.0,0,0,0,,,0.0,,0,,,0,0,,0,0,0,,,0,0,0.0,0,2,0,100.0,2,0.0,0,0.0,0,0,0,,,0.0,0,,0,,,0,0,,0,0,0,,,0,0,,0,0,0,,0,0.0,0,0.0,0,0,0,,,,260,,0,,,0,0,,0,0,0,,,0,0,100.0,1,1,0,0.0,0,0.0,0,,0,0,0,,,,,0,,,0,0,,0,0,0,,,0,0,0.0,0,2,0,100.0,2,0.0,0,0.0,0,0,0,,,0.0,,0,,,0,0,,0,0,0,,,0,0,,0,0,0,,0,0.0,0,,0,0,0,,,,,0,,,0,0,,0,0,0,,,0,0,,0,0,0,,0,0.0,0,,0,0,0,,,,,0,,,0,0,,0,0,0,,,0,0,,0,0,0,,0,0.0,0,0.0,0,0,0,,,,0,-4.0,1,100.0,,0,0,0.0,0,0,0,66.7,66.0,0,6,0.0,0,2,1,100.0,2,91.7,1,50.0,0,6,10,10.0,6.0,3.0,,,,0,,,0,0,,0,0,0,0,0,0.0,0,2,0,0.0,0,0.0,0,,0,0,0,,,,,0,,,0,0,,0,0,0,,,0,0,0.0,0,1,0,100.0,1,0.0,0,0.0,0,0,0,,,0.0,1.0,0,100.0,,0,0,0.0,0,0,0,66.7,65.9,0,3,0.0,0,1,1,100.0,1,79.2,1,100.0,0,3,2,2.0,3.0,3.0,1.0,0,100.0,,0,0,0.0,0,0,0,66.7,65.9,0,3,0.0,0,1,1,100.0,1,79.2,1,50.0,0,3,2,2.0,3.0,3.0
Liam Clifford,145089,WR,PENN STATE,1,2,-5.0,0,100.0,,0,0,0.0,0,0,0,66.7,61.3,0,7,0.0,0,1,1,100.0,1,95.8,1,50.0,0,7,12,12.0,7.0,7.0,-5.0,0,100.0,,0,0,0.0,0,0,0,66.7,61.3,0,7,0.0,0,2,1,100.0,2,95.8,1,50.0,0,7,12,12.0,7.0,3.5,,0,,,0,0,,0,0,0,,,0,0,,0,0,0,,0,0.0,0,,0,0,0,,,,,0,,,0,0,,0,0,0,,,0,0,0.0,0,3,0,100.0,3,0.0,0,0.0,0,0,0,,,0.0,,0,,,0,0,,0,0,0,,,0,0,0.0,0,6,0,100.0,6,0.0,0,0.0,0,0,0,,,0.0,0,,0,,,0,0,,0,0,0,,,0,0,,0,0,0,,0,0.0,0,0.0,0,0,0,,,,266,,0,,,0,0,,0,0,0,,,0,0,0.0,0,1,0,100.0,1,0.0,0,0.0,0,0,0,,,0.0,,0,,,0,0,,0,0,0,,,0,0,,0,0,0,,0,0.0,0,,0,0,0,,,,,0,,,0,0,,0,0,0,,,0,0,0.0,0,1,0,100.0,1,0.0,0,0.0,0,0,0,,,0.0,5.0,0,0.0,,0,0,,0,0,0,,59.9,0,0,0.0,0,3,0,100.0,3,39.6,1,33.3,0,0,0,,,0.0,,0,,,0,0,,0,0,0,,,0,0,,0,0,0,,0,0.0,0,0.0,0,0,0,,,,0,,0,,,0,0,,0,0,0,,,0,0,,0,0,0,,0,0.0,0,,0,0,0,,,,,,,0,,,0,0,,0,0,0,0,0,,0,0,0,,0,0.0,0,,0,0,0,,,,,0,,,0,0,,0,0,0,,,0,0,,0,0,0,,0,0.0,0,,0,0,0,,,,,0,,,0,0,,0,0,0,,,0,0,,0,0,0,,0,0.0,0,,0,0,0,,,,5.0,0,0.0,,0,0,,0,0,0,,59.9,0,0,0.0,0,1,0,100.0,1,39.6,1,50.0,0,0,0,,,0.0
DeSean Bishop,174717,HB,TENNESSEE,1,1,,0,,,0,0,,0,0,0,,,0,0,,0,0,0,,0,0.0,0,0.0,0,0,0,,,,,0,,,0,0,,0,0,0,,,0,0,,0,0,0,,0,0.0,0,,0,0,0,,,,,0,,,0,0,,0,0,0,,,0,0,,0,0,0,,0,0.0,0,,0,0,0,,,,,0,,,0,0,,0,0,0,,,0,0,100.0,2,2,0,0.0,0,0.0,0,,0,0,0,,,,0.0,0,0.0,,0,0,,0,0,0,,60.0,0,0,40.0,2,5,0,60.0,3,39.6,1,33.3,0,0,0,,,0.0,0,,0,,,0,0,,0,0,0,,,0,0,,0,0,0,,0,0.0,0,0.0,0,0,0,,,,307,,0,,,0,0,,0,0,0,,,0,0,,0,0,0,,0,0.0,0,,0,0,0,,,,,0,,,0,0,,0,0,0,,,0,0,100.0,2,2,0,0.0,0,0.0,0,,0,0,0,,,,,0,,,0,0,,0,0,0,,,0,0,100.0,1,1,0,0.0,0,0.0,0,,0,0,0,,,,,0,,,0,0,,0,0,0,,,0,0,,0,0,0,,0,0.0,0,,0,0,0,,,,,0,,,0,0,,0,0,0,,,0,0,,0,0,0,,0,0.0,0,0.0,0,0,0,,,,0,,0,,,0,0,,0,0,0,,,0,0,,0,0,0,,0,0.0,0,,0,0,0,,,,,,,0,,,0,0,,0,0,0,0,0,,0,0,0,,0,0.0,0,,0,0,0,,,,,0,,,0,0,,0,0,0,,,0,0,,0,0,0,,0,0.0,0,,0,0,0,,,,,0,,,0,0,,0,0,0,,,0,0,100.0,2,2,0,0.0,0,0.0,0,,0,0,0,,,,0.0,0,0.0,,0,0,,0,0,0,,60.0,0,0,0.0,0,1,0,100.0,1,39.6,1,100.0,0,0,0,,,0.0
Moochie Dixon,123112,WR,SMU,1,1,-2.0,1,100.0,,0,0,0.0,0,0,0,66.7,74.6,0,8,0.0,0,1,1,100.0,1,100.0,1,100.0,0,8,10,10.0,8.0,8.0,-2.0,1,100.0,,0,0,0.0,0,0,0,66.7,74.6,0,8,0.0,0,3,1,100.0,3,100.0,1,33.3,0,8,10,10.0,8.0,2.67,,0,,,0,0,,0,0,0,,,0,0,0.0,0,1,0,100.0,1,0.0,0,0.0,0,0,0,,,0.0,,0,,,0,0,,0,0,0,,,0,0,0.0,0,1,0,100.0,1,0.0,0,0.0,0,0,0,,,0.0,,0,,,0,0,,0,0,0,,,0,0,0.0,0,2,0,100.0,2,0.0,0,0.0,0,0,0,,,0.0,0,,0,,,0,0,,0,0,0,,,0,0,,0,0,0,,0,0.0,0,0.0,0,0,0,,,,287,,0,,,0,0,,0,0,0,,,0,0,,0,0,0,,0,0.0,0,,0,0,0,,,,,0,,,0,0,,0,0,0,,,0,0,,0,0,0,,0,0.0,0,,0,0,0,,,,,0,,,0,0,,0,0,0,,,0,0,,0,0,0,,0,0.0,0,,0,0,0,,,,,0,,,0,0,,0,0,0,,,0,0,,0,0,0,,0,0.0,0,,0,0,0,,,,,0,,,0,0,,0,0,0,,,0,0,,0,0,0,,0,0.0,0,0.0,0,0,0,,,,0,,0,,,0,0,,0,0,0,,,0,0,0.0,0,1,0,100.0,1,0.0,0,0.0,0,0,0,,,0.0,,,,0,,,0,0,,0,0,0,0,0,0.0,0,2,0,0.0,0,0.0,0,,0,0,0,,,,,0,,,0,0,,0,0,0,,,0,0,,0,0,0,,0,0.0,0,,0,0,0,,,,,0,,,0,0,,0,0,0,,,0,0,0.0,0,1,0,100.0,1,0.0,0,0.0,0,0,0,,,0.0,,0,,,0,0,,0,0,0,,,0,0,,0,0,0,,0,0.0,0,0.0,0,0,0,,,
Will Howard,122599,QB,OHIO STATE,1,1,-7.0,0,100.0,,0,0,0.0,0,0,0,,,0,0,0.0,0,1,1,0.0,0,79.2,1,100.0,0,0,7,7.0,0.0,,-7.0,0,100.0,,0,0,0.0,0,0,0,,,0,0,0.0,0,4,1,0.0,0,79.2,1,,0,0,7,7.0,0.0,,,0,,,0,0,,0,0,0,,,0,0,0.0,0,2,0,0.0,0,0.0,0,,0,0,0,,,,,0,,,0,0,,0,0,0,,,0,0,0.0,0,1,0,0.0,0,0.0,0,,0,0,0,,,,,0,,,0,0,,0,0,0,,,0,0,0.0,0,7,0,0.0,0,0.0,0,,0,0,0,,,,0,,0,,,0,0,,0,0,0,,,0,0,,0,0,0,,0,0.0,0,0.0,0,0,0,,,,260,,0,,,0,0,,0,0,0,,,0,0,0.0,0,1,0,0.0,0,0.0,0,,0,0,0,,,,,0,,,0,0,,0,0,0,,,0,0,0.0,0,2,0,0.0,0,0.0,0,,0,0,0,,,,,0,,,0,0,,0,0,0,,,0,0,,0,0,0,,0,0.0,0,,0,0,0,,,,,0,,,0,0,,0,0,0,,,0,0,0.0,0,1,0,0.0,0,0.0,0,,0,0,0,,,,,0,,,0,0,,0,0,0,,,0,0,,0,0,0,,0,0.0,0,0.0,0,0,0,,,,0,,0,,,0,0,,0,0,0,,,0,0,0.0,0,3,0,0.0,0,0.0,0,,0,0,0,,,,,,,0,,,0,0,,0,0,0,0,0,0.0,0,3,0,0.0,0,0.0,0,,0,0,0,,,,,0,,,0,0,,0,0,0,,,0,0,0.0,0,3,0,0.0,0,0.0,0,,0,0,0,,,,,0,,,0,0,,0,0,0,,,0,0,0.0,0,2,0,0.0,0,0.0,0,,0,0,0,,,,,0,,,0,0,,0,0,0,,,0,0,,0,0,0,,0,0.0,0,0.0,0,0,0,,,
Andison Coby,146930,WR,INDIANA,1,1,,0,,,0,0,,0,0,0,,,0,0,,0,0,0,,0,0.0,0,0.0,0,0,0,,,,,0,,,0,0,,0,0,0,,,0,0,,0,0,0,,0,0.0,0,,0,0,0,,,,,0,,,0,0,,0,0,0,,,0,0,,0,0,0,,0,0.0,0,,0,0,0,,,,,0,,,0,0,,0,0,0,,,0,0,,0,0,0,,0,0.0,0,,0,0,0,,,,,0,,,0,0,,0,0,0,,,0,0,0.0,0,1,0,100.0,1,0.0,0,0.0,0,0,0,,,0.0,0,29.0,0,0.0,,0,0,,0,0,0,,59.3,0,0,0.0,0,1,0,100.0,1,39.6,1,100.0,0,0,0,,,0.0,190,,0,,,0,0,,0,0,0,,,0,0,,0,0,0,,0,0.0,0,,0,0,0,,,,,0,,,0,0,,0,0,0,,,0,0,,0,0,0,,0,0.0,0,,0,0,0,,,,,0,,,0,0,,0,0,0,,,0,0,,0,0,0,,0,0.0,0,,0,0,0,,,,,0,,,0,0,,0,0,0,,,0,0,,0,0,0,,0,0.0,0,,0,0,0,,,,,0,,,0,0,,0,0,0,,,0,0,,0,0,0,,0,0.0,0,0.0,0,0,0,,,,0,,0,,,0,0,,0,0,0,,,0,0,,0,0,0,,0,0.0,0,,0,0,0,,,,,59.3,29.0,0,0.0,,0,0,,0,0,0,0,0,0.0,0,2,0,50.0,1,39.6,1,100.0,0,0,0,,,0.0,,0,,,0,0,,0,0,0,,,0,0,,0,0,0,,0,0.0,0,,0,0,0,,,,,0,,,0,0,,0,0,0,,,0,0,,0,0,0,,0,0.0,0,,0,0,0,,,,,0,,,0,0,,0,0,0,,,0,0,,0,0,0,,0,0.0,0,0.0,0,0,0,,,
Kris Mitchell,97659,WR,NOTRE DAME,1,1,,0,,,0,0,,0,0,0,,,0,0,,0,0,0,,0,0.0,0,0.0,0,0,0,,,,,0,,,0,0,,0,0,0,,,0,0,0.0,0,1,0,100.0,1,0.0,0,0.0,0,0,0,,,0.0,,0,,,0,0,,0,0,0,,,0,0,,0,0,0,,0,0.0,0,,0,0,0,,,,,0,,,0,0,,0,0,0,,,0,0,0.0,0,1,0,100.0,1,0.0,0,0.0,0,0,0,,,0.0,,0,,,0,0,,0,0,0,,,0,0,0.0,0,3,0,100.0,3,0.0,0,0.0,0,0,0,,,0.0,0,,0,,,0,0,,0,0,0,,,0,0,,0,0,0,,0,0.0,0,0.0,0,0,0,,,,258,,0,,,0,0,,0,0,0,,,0,0,,0,0,0,,0,0.0,0,,0,0,0,,,,,0,,,0,0,,0,0,0,,,0,0,,0,0,0,,0,0.0,0,,0,0,0,,,,,0,,,0,0,,0,0,0,,,0,0,,0,0,0,,0,0.0,0,,0,0,0,,,,,0,,,0,0,,0,0,0,,,0,0,0.0,0,2,0,100.0,2,0.0,0,0.0,0,0,0,,,0.0,10.0,0,100.0,,0,0,0.0,0,1,0,66.7,74.2,0,11,0.0,0,1,1,100.0,1,112.5,1,100.0,0,11,1,1.0,11.0,11.0,0,,0,,,0,0,,0,0,0,,,0,0,,0,0,0,,0,0.0,0,,0,0,0,,,,,,,0,,,0,0,,0,0,0,0,0,,0,0,0,,0,0.0,0,,0,0,0,,,,10.0,0,100.0,,0,0,0.0,0,1,0,66.7,74.2,0,11,0.0,0,1,1,100.0,1,112.5,1,100.0,0,11,1,1.0,11.0,11.0,,0,,,0,0,,0,0,0,66.7,61.3,0,0,0.0,0,2,0,50.0,1,0.0,0,0.0,0,0,0,,,0.0,,0,,,0,0,,0,0,0,66.7,61.3,0,0,0.0,0,1,0,0.0,0,0.0,0,0.0,0,0,0,,,
Zach Horton,148361,TE,INDIANA,1,1,,0,,,0,0,,0,0,0,,,0,0,,0,0,0,,0,0.0,0,0.0,0,0,0,,,,,0,,,0,0,,0,0,0,,,0,0,0.0,0,3,0,100.0,3,0.0,0,0.0,0,0,0,,,0.0,,0,,,0,0,,0,0,0,,,0,0,0.0,0,1,0,100.0,1,0.0,0,0.0,0,0,0,,,0.0,,0,,,0,0,,0,0,0,,,0,0,0.0,0,4,0,100.0,4,0.0,0,0.0,0,0,0,,,0.0,,0,,,0,0,,0,0,0,,,0,0,0.0,0,7,0,71.4,5,0.0,0,0.0,0,0,0,,,0.0,0,,0,,,0,0,,0,0,0,,,0,0,,0,0,0,,0,0.0,0,0.0,0,0,0,,,,190,,0,,,0,0,,0,0,0,,,0,0,,0,0,0,,0,0.0,0,,0,0,0,,,,,0,,,0,0,,0,0,0,,,0,0,50.0,1,2,0,50.0,1,0.0,0,0.0,0,0,0,,,0.0,,0,,,0,0,,0,0,0,,,0,0,,0,0,0,,0,0.0,0,,0,0,0,,,,4.0,0,100.0,,0,0,0.0,0,0,0,66.7,60.7,0,7,0.0,0,2,1,100.0,2,95.8,1,50.0,0,7,3,3.0,7.0,3.5,,0,,,0,0,,0,0,0,,,0,0,,0,0,0,,0,0.0,0,0.0,0,0,0,,,,0,,0,,,0,0,,0,0,0,,,0,0,0.0,0,1,0,100.0,1,0.0,0,0.0,0,0,0,,,0.0,,,,0,,,0,0,,0,0,0,0,0,66.7,2,3,0,33.3,1,0.0,0,0.0,0,0,0,,,0.0,,0,,,0,0,,0,0,0,,,0,0,100.0,1,1,0,0.0,0,0.0,0,,0,0,0,,,,,0,,,0,0,,0,0,0,,,0,0,0.0,0,1,0,100.0,1,0.0,0,0.0,0,0,0,,,0.0,4.0,0,100.0,,0,0,0.0,0,0,0,66.7,60.7,0,7,0.0,0,1,1,100.0,1,95.8,1,100.0,0,7,3,3.0,7.0,7.0
Keith Adams Jr.,156236,HB,CLEMSON,1,1,-2.0,0,100.0,,0,0,0.0,0,0,0,66.7,66.0,0,4,0.0,0,1,1,100.0,1,83.3,1,100.0,0,4,6,6.0,4.0,4.0,-2.0,0,100.0,,0,0,0.0,0,0,0,66.7,66.0,0,4,50.0,1,2,1,50.0,1,83.3,1,100.0,0,4,6,6.0,4.0,4.0,,0,,,0,0,,0,0,0,,,0,0,,0,0,0,,0,0.0,0,,0,0,0,,,,,0,,,0,0,,0,0,0,,,0,0,0.0,0,4,0,100.0,4,0.0,0,0.0,0,0,0,,,0.0,,0,,,0,0,,0,0,0,,,0,0,25.0,1,4,0,75.0,3,0.0,0,0.0,0,0,0,,,0.0,0,,0,,,0,0,,0,0,0,,,0,0,,0,0,0,,0,0.0,0,0.0,0,0,0,,,,140,,0,,,0,0,,0,0,0,,,0,0,,0,0,0,,0,0.0,0,,0,0,0,,,,,0,,,0,0,,0,0,0,,,0,0,50.0,1,2,0,50.0,1,0.0,0,0.0,0,0,0,,,0.0,,0,,,0,0,,0,0,0,,,0,0,50.0,1,2,0,50.0,1,0.0,0,0.0,0,0,0,,,0.0,,0,,,0,0,,0,0,0,,,0,0,,0,0,0,,0,0.0,0,,0,0,0,,,,,0,,,0,0,,0,0,0,,,0,0,,0,0,0,,0,0.0,0,0.0,0,0,0,,,,0,,0,,,0,0,,0,0,0,,,0,0,,0,0,0,,0,0.0,0,,0,0,0,,,,,,,0,,,0,0,,0,0,0,0,0,,0,0,0,,0,0.0,0,,0,0,0,,,,,0,,,0,0,,0,0,0,,,0,0,0.0,0,1,0,100.0,1,0.0,0,0.0,0,0,0,,,0.0,,0,,,0,0,,0,0,0,,,0,0,,0,0,0,,0,0.0,0,,0,0,0,,,,,0,,,0,0,,0,0,0,,,0,0,,0,0,0,,0,0.0,0,0.0,0,0,0,,,
Dont'e Thornton Jr.,146547,WR,TENNESSEE,1,1,,0,,,0,0,,0,0,0,,,0,0,,0,0,0,,0,0.0,0,0.0,0,0,0,,,,,0,,,0,0,,0,0,0,,,0,0,,0,0,0,,0,0.0,0,,0,0,0,,,,,0,,,0,0,,0,0,0,,,0,0,,0,0,0,,0,0.0,0,,0,0,0,,,,,0,,,0,0,,0,0,0,,,0,0,0.0,0,2,0,100.0,2,0.0,0,0.0,0,0,0,,,0.0,6.0,1,100.0,,0,0,0.0,0,1,0,66.7,74.2,0,14,0.0,0,3,1,100.0,3,118.8,1,33.3,0,14,8,8.0,14.0,4.67,0,,0,,,0,0,,0,0,0,,,0,0,,0,0,0,,0,0.0,0,0.0,0,0,0,,,,307,,0,,,0,0,,0,0,0,,,0,0,,0,0,0,,0,0.0,0,,0,0,0,,,,,0,,,0,0,,0,0,0,,,0,0,,0,0,0,,0,0.0,0,,0,0,0,,,,,0,,,0,0,,0,0,0,,,0,0,0.0,0,1,0,100.0,1,0.0,0,0.0,0,0,0,,,0.0,,0,,,0,0,,0,0,0,,,0,0,,0,0,0,,0,0.0,0,,0,0,0,,,,,0,,,0,0,,0,0,0,,,0,0,,0,0,0,,0,0.0,0,0.0,0,0,0,,,,0,,0,,,0,0,,0,0,0,,,0,0,0.0,0,1,0,100.0,1,0.0,0,0.0,0,0,0,,,0.0,,,,0,,,0,0,,0,0,0,0,0,0.0,0,1,0,100.0,1,0.0,0,0.0,0,0,0,,,0.0,,0,,,0,0,,0,0,0,,,0,0,0.0,0,2,0,100.0,2,0.0,0,0.0,0,0,0,,,0.0,,0,,,0,0,,0,0,0,,,0,0,,0,0,0,,0,0.0,0,,0,0,0,,,,6.0,1,100.0,,0,0,0.0,0,1,0,66.7,74.2,0,14,0.0,0,1,1,100.0,1,118.8,1,100.0,0,14,8,8.0,14.0,14.0
Will Kacmarek,145896,TE,OHIO STATE,1,1,,0,,,0,0,,0,0,0,,,0,0,,0,0,0,,0,0.0,0,0.0,0,0,0,,,,,0,,,0,0,,0,0,0,,,0,0,0.0,0,2,0,100.0,2,0.0,0,0.0,0,0,0,,,0.0,,0,,,0,0,,0,0,0,,,0,0,,0,0,0,,0,0.0,0,,0,0,0,,,,,0,,,0,0,,0,0,0,,,0,0,,0,0,0,,0,0.0,0,,0,0,0,,,,0.0,0,100.0,,0,0,0.0,0,0,0,66.7,62.3,0,7,0.0,0,3,1,100.0,3,95.8,1,33.3,0,7,7,7.0,7.0,2.33,0,,0,,,0,0,,0,0,0,,,0,0,,0,0,0,,0,0.0,0,0.0,0,0,0,,,,260,,0,,,0,0,,0,0,0,,,0,0,100.0,1,1,0,0.0,0,0.0,0,,0,0,0,,,,,0,,,0,0,,0,0,0,,,0,0,0.0,0,2,0,100.0,2,0.0,0,0.0,0,0,0,,,0.0,,0,,,0,0,,0,0,0,,,0,0,,0,0,0,,0,0.0,0,,0,0,0,,,,,0,,,0,0,,0,0,0,,,0,0,,0,0,0,,0,0.0,0,,0,0,0,,,,,0,,,0,0,,0,0,0,,,0,0,,0,0,0,,0,0.0,0,0.0,0,0,0,,,,0,,0,,,0,0,,0,0,0,,,0,0,0.0,0,2,0,100.0,2,0.0,0,0.0,0,0,0,,,0.0,,,,0,,,0,0,,0,0,0,0,0,0.0,0,2,0,0.0,0,0.0,0,,0,0,0,,,,,0,,,0,0,,0,0,0,,,0,0,100.0,1,1,0,0.0,0,0.0,0,,0,0,0,,,,,0,,,0,0,,0,0,0,,,0,0,50.0,1,2,0,50.0,1,0.0,0,0.0,0,0,0,,,0.0,0.0,0,100.0,,0,0,0.0,0,0,0,66.7,62.3,0,7,0.0,0,1,1,100.0,1,95.8,1,100.0,0,7,7,7.0,7.0,7.0
Ty Son Lawton,78578,HB,INDIANA,1,1,,0,,,0,0,,0,0,0,,,0,0,,0,0,0,,0,0.0,0,0.0,0,0,0,,,,,0,,,0,0,,0,0,0,,,0,0,0.0,0,1,0,100.0,1,0.0,0,0.0,0,0,0,,,0.0,,0,,,0,0,,0,0,0,,,0,0,100.0,1,1,0,0.0,0,0.0,0,,0,0,0,,,,,0,,,0,0,,0,0,0,,,0,0,66.7,2,3,0,33.3,1,0.0,0,0.0,0,0,0,,,0.0,,0,,,0,0,,0,0,0,,,0,0,0.0,0,2,0,100.0,2,0.0,0,0.0,0,0,0,,,0.0,0,,0,,,0,0,,0,0,0,,,0,0,,0,0,0,,0,0.0,0,0.0,0,0,0,,,,190,,0,,,0,0,,0,0,0,,,0,0,,0,0,0,,0,0.0,0,,0,0,0,,,,,0,,,0,0,,0,0,0,,,0,0,,0,0,0,,0,0.0,0,,0,0,0,,,,,0,,,0,0,,0,0,0,,,0,0,100.0,1,1,0,0.0,0,0.0,0,,0,0,0,,,,,0,,,0,0,,0,0,0,,,0,0,,0,0,0,,0,0.0,0,,0,0,0,,,,,0,,,0,0,,0,0,0,,,0,0,,0,0,0,,0,0.0,0,0.0,0,0,0,,,,0,,0,,,0,0,,0,0,0,,,0,0,,0,0,0,,0,0.0,0,,0,0,0,,,,,,,0,,,0,0,,0,0,0,0,0,0.0,0,1,0,0.0,0,0.0,0,,0,0,0,,,,,0,,,0,0,,0,0,0,,,0,0,,0,0,0,,0,0.0,0,,0,0,0,,,,6.0,0,100.0,,0,0,0.0,0,1,0,66.7,74.6,0,10,0.0,0,1,1,100.0,1,108.3,1,100.0,0,10,4,4.0,10.0,10.0,6.0,0,100.0,,0,0,0.0,0,1,0,66.7,74.6,0,10,0.0,0,1,1,100.0,1,108.3,1,100.0,0,10,4,4.0,10.0,10.0
Jadarian Price,156985,HB,NOTRE DAME,1,1,-1.0,0,100.0,,0,0,0.0,0,0,0,66.7,65.8,0,8,0.0,0,1,1,100.0,1,100.0,1,100.0,0,8,9,9.0,8.0,8.0,-1.0,0,100.0,,0,0,0.0,0,0,0,66.7,65.8,0,8,25.0,1,4,1,75.0,3,100.0,1,33.3,0,8,9,9.0,8.0,2.67,,0,,,0,0,,0,0,0,,,0,0,,0,0,0,,0,0.0,0,,0,0,0,,,,,0,,,0,0,,0,0,0,,,0,0,100.0,1,1,0,0.0,0,0.0,0,,0,0,0,,,,,0,,,0,0,,0,0,0,,,0,0,66.7,2,3,0,33.3,1,0.0,0,0.0,0,0,0,,,0.0,0,,0,,,0,0,,0,0,0,,,0,0,,0,0,0,,0,0.0,0,0.0,0,0,0,,,,258,,0,,,0,0,,0,0,0,,,0,0,,0,0,0,,0,0.0,0,,0,0,0,,,,,0,,,0,0,,0,0,0,,,0,0,,0,0,0,,0,0.0,0,,0,0,0,,,,,0,,,0,0,,0,0,0,,,0,0,,0,0,0,,0,0.0,0,,0,0,0,,,,,0,,,0,0,,0,0,0,,,0,0,,0,0,0,,0,0.0,0,,0,0,0,,,,,0,,,0,0,,0,0,0,,,0,0,,0,0,0,,0,0.0,0,0.0,0,0,0,,,,0,,0,,,0,0,,0,0,0,,,0,0,,0,0,0,,0,0.0,0,,0,0,0,,,,,,,0,,,0,0,,0,0,0,0,0,,0,0,0,,0,0.0,0,,0,0,0,,,,,0,,,0,0,,0,0,0,,,0,0,,0,0,0,,0,0.0,0,,0,0,0,,,,,0,,,0,0,,0,0,0,,,0,0,,0,0,0,,0,0.0,0,,0,0,0,,,,,0,,,0,0,,0,0,0,,,0,0,,0,0,0,,0,0.0,0,0.0,0,0,0,,,
Khalil Dinkins,145087,TE,PENN STATE,1,1,,0,,,0,0,,0,0,0,,,0,0,,0,0,0,,0,0.0,0,0.0,0,0,0,,,,,0,,,0,0,,0,0,0,,,0,0,25.0,1,4,0,75.0,3,0.0,0,0.0,0,0,0,,,0.0,,0,,,0,0,,0,0,0,,,0,0,,0,0,0,,0,0.0,0,,0,0,0,,,,,0,,,0,0,,0,0,0,,,0,0,50.0,1,2,0,50.0,1,0.0,0,0.0,0,0,0,,,0.0,6.0,0,100.0,,0,0,0.0,0,1,0,66.7,88.9,0,13,0.0,0,8,1,100.0,8,118.8,1,12.5,0,13,7,7.0,13.0,1.63,0,,0,,,0,0,,0,0,0,,,0,0,,0,0,0,,0,0.0,0,0.0,0,0,0,,,,266,,0,,,0,0,,0,0,0,,,0,0,,0,0,0,,0,0.0,0,,0,0,0,,,,,0,,,0,0,,0,0,0,,,0,0,,0,0,0,,0,0.0,0,,0,0,0,,,,,0,,,0,0,,0,0,0,,,0,0,,0,0,0,,0,0.0,0,,0,0,0,,,,,0,,,0,0,,0,0,0,,,0,0,0.0,0,1,0,100.0,1,0.0,0,0.0,0,0,0,,,0.0,,0,,,0,0,,0,0,0,,,0,0,,0,0,0,,0,0.0,0,0.0,0,0,0,,,,0,,0,,,0,0,,0,0,0,,,0,0,,0,0,0,,0,0.0,0,,0,0,0,,,,,,,0,,,0,0,,0,0,0,0,0,,0,0,0,,0,0.0,0,,0,0,0,,,,,0,,,0,0,,0,0,0,,,0,0,,0,0,0,,0,0.0,0,,0,0,0,,,,,0,,,0,0,,0,0,0,,,0,0,,0,0,0,,0,0.0,0,,0,0,0,,,,6.0,0,100.0,,0,0,0.0,0,1,0,66.7,88.9,0,13,0.0,0,1,1,100.0,1,118.8,1,100.0,0,13,7,7.0,13.0,13.0
Stone Eby,144358,TE,SMU,1,1,,0,,,0,0,,0,0,0,,,0,0,,0,0,0,,0,0.0,0,0.0,0,0,0,,,,,0,,,0,0,,0,0,0,,,0,0,0.0,0,2,0,100.0,2,0.0,0,0.0,0,0,0,,,0.0,,0,,,0,0,,0,0,0,,,0,0,0.0,0,1,0,100.0,1,0.0,0,0.0,0,0,0,,,0.0,,0,,,0,0,,0,0,0,,,0,0,100.0,1,1,0,0.0,0,0.0,0,,0,0,0,,,,2.0,0,100.0,,0,0,0.0,0,0,0,66.7,66.0,0,6,0.0,0,4,1,100.0,4,91.7,1,25.0,0,6,4,4.0,6.0,1.5,0,,0,,,0,0,,0,0,0,,,0,0,,0,0,0,,0,0.0,0,0.0,0,0,0,,,,287,,0,,,0,0,,0,0,0,,,0,0,,0,0,0,,0,0.0,0,,0,0,0,,,,,0,,,0,0,,0,0,0,,,0,0,,0,0,0,,0,0.0,0,,0,0,0,,,,,0,,,0,0,,0,0,0,,,0,0,,0,0,0,,0,0.0,0,,0,0,0,,,,,0,,,0,0,,0,0,0,,,0,0,,0,0,0,,0,0.0,0,,0,0,0,,,,,0,,,0,0,,0,0,0,,,0,0,,0,0,0,,0,0.0,0,0.0,0,0,0,,,,0,,0,,,0,0,,0,0,0,,,0,0,,0,0,0,,0,0.0,0,,0,0,0,,,,,,,0,,,0,0,,0,0,0,0,0,0.0,0,1,0,100.0,1,0.0,0,0.0,0,0,0,,,0.0,,0,,,0,0,,0,0,0,,,0,0,,0,0,0,,0,0.0,0,,0,0,0,,,,,0,,,0,0,,0,0,0,,,0,0,,0,0,0,,0,0.0,0,,0,0,0,,,,2.0,0,100.0,,0,0,0.0,0,0,0,66.7,66.0,0,6,0.0,0,1,1,100.0,1,91.7,1,100.0,0,6,4,4.0,6.0,6.0
Miles Kitselman,163599,TE,TENNESSEE,1,1,,0,,,0,0,,0,0,0,,,0,0,,0,0,0,,0,0.0,0,0.0,0,0,0,,,,,0,,,0,0,,0,0,0,,,0,0,0.0,0,1,0,100.0,1,0.0,0,0.0,0,0,0,,,0.0,,0,,,0,0,,0,0,0,,,0,0,,0,0,0,,0,0.0,0,,0,0,0,,,,,0,,,0,0,,0,0,0,,,0,0,0.0,0,2,0,50.0,1,0.0,0,0.0,0,0,0,,,0.0,6.0,0,100.0,100.0,1,1,0.0,0,0,0,66.7,74.5,0,5,0.0,0,5,1,100.0,5,87.5,1,20.0,0,5,-1,-1.0,5.0,1.0,0,,0,,,0,0,,0,0,0,,,0,0,,0,0,0,,0,0.0,0,0.0,0,0,0,,,,307,,0,,,0,0,,0,0,0,,,0,0,0.0,0,1,0,100.0,1,0.0,0,0.0,0,0,0,,,0.0,,0,,,0,0,,0,0,0,,,0,0,0.0,0,1,0,100.0,1,0.0,0,0.0,0,0,0,,,0.0,,0,,,0,0,,0,0,0,,,0,0,0.0,0,1,0,100.0,1,0.0,0,0.0,0,0,0,,,0.0,,0,,,0,0,,0,0,0,,,0,0,,0,0,0,,0,0.0,0,,0,0,0,,,,,0,,,0,0,,0,0,0,,,0,0,,0,0,0,,0,0.0,0,0.0,0,0,0,,,,0,,0,,,0,0,,0,0,0,,,0,0,,0,0,0,,0,0.0,0,,0,0,0,,,,,,,0,,,0,0,,0,0,0,0,0,0.0,0,3,0,100.0,3,0.0,0,0.0,0,0,0,,,0.0,,0,,,0,0,,0,0,0,,,0,0,,0,0,0,,0,0.0,0,,0,0,0,,,,,0,,,0,0,,0,0,0,,,0,0,50.0,1,2,0,50.0,1,0.0,0,0.0,0,0,0,,,0.0,6.0,0,100.0,100.0,1,1,0.0,0,0,0,66.7,74.5,0,5,0.0,0,1,1,100.0,1,87.5,1,100.0,0,5,-1,-1.0,5.0,5.0
Dylan Sampson,163772,HB,TENNESSEE,1,1,-3.0,0,100.0,,0,0,0.0,0,0,0,66.7,66.0,0,2,0.0,0,1,1,100.0,1,79.2,1,100.0,0,2,5,5.0,2.0,2.0,,0,,,0,0,,0,0,0,,,0,0,,0,0,0,,0,0.0,0,,0,0,0,,,,,0,,,0,0,,0,0,0,,,0,0,,0,0,0,,0,0.0,0,,0,0,0,,,,,0,,,0,0,,0,0,0,,,0,0,0.0,0,2,0,100.0,2,0.0,0,0.0,0,0,0,,,0.0,,0,,,0,0,,0,0,0,,,0,0,,0,0,0,,0,0.0,0,,0,0,0,,,,0,,0,,,0,0,,0,0,0,,,0,0,,0,0,0,,0,0.0,0,0.0,0,0,0,,,,307,-3.0,0,100.0,,0,0,0.0,0,0,0,66.7,66.0,0,2,0.0,0,1,1,100.0,1,79.2,1,100.0,0,2,5,5.0,2.0,2.0,,0,,,0,0,,0,0,0,,,0,0,,0,0,0,,0,0.0,0,,0,0,0,,,,,0,,,0,0,,0,0,0,,,0,0,,0,0,0,,0,0.0,0,,0,0,0,,,,,0,,,0,0,,0,0,0,,,0,0,0.0,0,1,0,100.0,1,0.0,0,0.0,0,0,0,,,0.0,,0,,,0,0,,0,0,0,,,0,0,,0,0,0,,0,0.0,0,0.0,0,0,0,,,,0,,0,,,0,0,,0,0,0,,,0,0,,0,0,0,,0,0.0,0,,0,0,0,,,,,,,0,,,0,0,,0,0,0,0,0,100.0,1,1,0,0.0,0,0.0,0,,0,0,0,,,,,0,,,0,0,,0,0,0,,,0,0,0.0,0,1,0,100.0,1,0.0,0,0.0,0,0,0,,,0.0,,0,,,0,0,,0,0,0,,,0,0,,0,0,0,,0,0.0,0,,0,0,0,,,,,0,,,0,0,,0,0,0,,,0,0,,0,0,0,,0,0.0,0,0.0,0,0,0,,,
Silas Bolden,71674,WR,TEXAS,1,1,,0,,,0,0,,0,0,0,,,0,0,,0,0,0,,0,0.0,0,0.0,0,0,0,,,,,0,,,0,0,,0,0,0,,,0,0,0.0,0,1,0,100.0,1,0.0,0,0.0,0,0,0,,,0.0,,0,,,0,0,,0,0,0,,,0,0,0.0,0,1,0,100.0,1,0.0,0,0.0,0,0,0,,,0.0,,0,,,0,0,,0,0,0,,,0,0,,0,0,0,,0,0.0,0,,0,0,0,,,,8.0,0,100.0,,0,0,0.0,0,0,0,66.7,60.7,0,9,0.0,0,1,1,100.0,1,104.2,1,100.0,0,9,1,1.0,9.0,9.0,0,,0,,,0,0,,0,0,0,,,0,0,,0,0,0,,0,0.0,0,0.0,0,0,0,,,,311,,0,,,0,0,,0,0,0,,,0,0,,0,0,0,,0,0.0,0,,0,0,0,,,,,0,,,0,0,,0,0,0,,,0,0,,0,0,0,,0,0.0,0,,0,0,0,,,,,0,,,0,0,,0,0,0,,,0,0,,0,0,0,,0,0.0,0,,0,0,0,,,,,0,,,0,0,,0,0,0,,,0,0,,0,0,0,,0,0.0,0,,0,0,0,,,,,0,,,0,0,,0,0,0,,,0,0,,0,0,0,,0,0.0,0,0.0,0,0,0,,,,0,,0,,,0,0,,0,0,0,,,0,0,,0,0,0,,0,0.0,0,,0,0,0,,,,,,,0,,,0,0,,0,0,0,0,0,,0,0,0,,0,0.0,0,,0,0,0,,,,,0,,,0,0,,0,0,0,,,0,0,,0,0,0,,0,0.0,0,,0,0,0,,,,,0,,,0,0,,0,0,0,,,0,0,,0,0,0,,0,0.0,0,,0,0,0,,,,8.0,0,100.0,,0,0,0.0,0,0,0,66.7,60.7,0,9,0.0,0,1,1,100.0,1,104.2,1,100.0,0,9,1,1.0,9.0,9.0
Omari Evans,164168,WR,PENN STATE,1,1,,0,,,0,0,,0,0,0,,,0,0,,0,0,0,,0,0.0,0,0.0,0,0,0,,,,,0,,,0,0,,0,0,0,,,0,0,0.0,0,1,0,100.0,1,0.0,0,0.0,0,0,0,,,0.0,,0,,,0,0,,0,0,0,,,0,0,,0,0,0,,0,0.0,0,,0,0,0,,,,18.0,0,0.0,,0,0,,0,0,0,,59.3,0,0,0.0,0,2,0,100.0,2,39.6,1,50.0,0,0,0,,,0.0,,0,,,0,0,,0,0,0,,,0,0,0.0,0,4,0,100.0,4,0.0,0,0.0,0,0,0,,,0.0,0,,0,,,0,0,,0,0,0,,,0,0,,0,0,0,,0,0.0,0,0.0,0,0,0,,,,266,,0,,,0,0,,0,0,0,,,0,0,0.0,0,1,0,100.0,1,0.0,0,0.0,0,0,0,,,0.0,,0,,,0,0,,0,0,0,,,0,0,,0,0,0,,0,0.0,0,,0,0,0,,,,,0,,,0,0,,0,0,0,,,0,0,0.0,0,1,0,100.0,1,0.0,0,0.0,0,0,0,,,0.0,,0,,,0,0,,0,0,0,,,0,0,0.0,0,1,0,100.0,1,0.0,0,0.0,0,0,0,,,0.0,18.0,0,0.0,,0,0,,0,0,0,,59.3,0,0,0.0,0,1,0,100.0,1,39.6,1,100.0,0,0,0,,,0.0,0,,0,,,0,0,,0,0,0,,,0,0,,0,0,0,,0,0.0,0,,0,0,0,,,,,,,0,,,0,0,,0,0,0,0,0,,0,0,0,,0,0.0,0,,0,0,0,,,,,0,,,0,0,,0,0,0,,,0,0,,0,0,0,,0,0.0,0,,0,0,0,,,,,0,,,0,0,,0,0,0,,,0,0,,0,0,0,,0,0.0,0,,0,0,0,,,,,0,,,0,0,,0,0,0,,,0,0,,0,0,0,,0,0.0,0,0.0,0,0,0,,,
Brandon Inniss,170255,WR,OHIO STATE,1,1,,0,,,0,0,,0,0,0,,,0,0,,0,0,0,,0,0.0,0,0.0,0,0,0,,,,,0,,,0,0,,0,0,0,,,0,0,,0,0,0,,0,0.0,0,,0,0,0,,,,,0,,,0,0,,0,0,0,,,0,0,,0,0,0,,0,0.0,0,,0,0,0,,,,,0,,,0,0,,0,0,0,,,0,0,,0,0,0,,0,0.0,0,,0,0,0,,,,5.0,0,100.0,,0,0,0.0,0,0,0,66.7,60.9,0,6,0.0,0,1,1,100.0,1,91.7,1,100.0,0,6,1,1.0,6.0,6.0,0,,0,,,0,0,,0,0,0,,,0,0,,0,0,0,,0,0.0,0,0.0,0,0,0,,,,260,,0,,,0,0,,0,0,0,,,0,0,,0,0,0,,0,0.0,0,,0,0,0,,,,,0,,,0,0,,0,0,0,,,0,0,,0,0,0,,0,0.0,0,,0,0,0,,,,,0,,,0,0,,0,0,0,,,0,0,,0,0,0,,0,0.0,0,,0,0,0,,,,,0,,,0,0,,0,0,0,,,0,0,,0,0,0,,0,0.0,0,,0,0,0,,,,,0,,,0,0,,0,0,0,,,0,0,,0,0,0,,0,0.0,0,0.0,0,0,0,,,,0,,0,,,0,0,,0,0,0,,,0,0,0.0,0,1,0,100.0,1,0.0,0,0.0,0,0,0,,,0.0,,,,0,,,0,0,,0,0,0,0,0,,0,0,0,,0,0.0,0,,0,0,0,,,,,0,,,0,0,,0,0,0,,,0,0,0.0,0,1,0,100.0,1,0.0,0,0.0,0,0,0,,,0.0,,0,,,0,0,,0,0,0,,,0,0,,0,0,0,,0,0.0,0,,0,0,0,,,,5.0,0,100.0,,0,0,0.0,0,0,0,66.7,60.9,0,6,0.0,0,1,1,100.0,1,91.7,1,100.0,0,6,1,1.0,6.0,6.0
Bryson Rodgers,170265,WR,OHIO STATE,1,1,,0,,,0,0,,0,0,0,,,0,0,,0,0,0,,0,0.0,0,0.0,0,0,0,,,,,0,,,0,0,,0,0,0,,,0,0,,0,0,0,,0,0.0,0,,0,0,0,,,,,0,,,0,0,,0,0,0,,,0,0,0.0,0,1,0,100.0,1,0.0,0,0.0,0,0,0,,,0.0,,0,,,0,0,,0,0,0,,,0,0,,0,0,0,,0,0.0,0,,0,0,0,,,,,0,,,0,0,,0,0,0,,,0,0,0.0,0,1,0,100.0,1,0.0,0,0.0,0,0,0,,,0.0,0,,0,,,0,0,,0,0,0,,,0,0,,0,0,0,,0,0.0,0,0.0,0,0,0,,,,260,,0,,,0,0,,0,0,0,,,0,0,,0,0,0,,0,0.0,0,,0,0,0,,,,,0,,,0,0,,0,0,0,,,0,0,,0,0,0,,0,0.0,0,,0,0,0,,,,,0,,,0,0,,0,0,0,,,0,0,,0,0,0,,0,0.0,0,,0,0,0,,,,,0,,,0,0,,0,0,0,,,0,0,,0,0,0,,0,0.0,0,,0,0,0,,,,11.0,0,0.0,,0,0,,0,0,0,,59.4,0,0,0.0,0,1,0,100.0,1,39.6,1,100.0,0,0,0,,,0.0,0,,0,,,0,0,,0,0,0,,,0,0,,0,0,0,,0,0.0,0,,0,0,0,,,,,,,0,,,0,0,,0,0,0,0,0,,0,0,0,,0,0.0,0,,0,0,0,,,,11.0,0,0.0,,0,0,,0,0,0,,59.4,0,0,0.0,0,1,0,100.0,1,39.6,1,100.0,0,0,0,,,0.0,,0,,,0,0,,0,0,0,,,0,0,,0,0,0,,0,0.0,0,,0,0,0,,,,,0,,,0,0,,0,0,0,,,0,0,,0,0,0,,0,0.0,0,0.0,0,0,0,,,
Carnell Tate,170273,WR,OHIO STATE,1,1,,0,,,0,0,,0,0,0,,,0,0,,0,0,0,,0,0.0,0,0.0,0,0,0,,,,,0,,,0,0,,0,0,0,,,0,0,0.0,0,4,0,100.0,4,0.0,0,0.0,0,0,0,,,0.0,,0,,,0,0,,0,0,0,,,0,0,0.0,0,1,0,100.0,1,0.0,0,0.0,0,0,0,,,0.0,,0,,,0,0,,0,0,0,,,0,0,0.0,0,1,0,100.0,1,0.0,0,0.0,0,0,0,,,0.0,,0,,,0,0,,0,0,0,,,0,0,0.0,0,7,0,100.0,7,0.0,0,0.0,0,0,0,,,0.0,0,,0,,,0,0,,0,0,0,,,0,0,,0,0,0,,0,0.0,0,0.0,0,0,0,,,,260,,0,,,0,0,,0,0,0,,,0,0,0.0,0,1,0,100.0,1,0.0,0,0.0,0,0,0,,,0.0,,0,,,0,0,,0,0,0,,,0,0,0.0,0,2,0,100.0,2,0.0,0,0.0,0,0,0,,,0.0,,0,,,0,0,,0,0,0,,,0,0,,0,0,0,,0,0.0,0,,0,0,0,,,,,0,,,0,0,,0,0,0,,,0,0,0.0,0,1,0,100.0,1,0.0,0,0.0,0,0,0,,,0.0,18.0,0,100.0,,0,0,0.0,0,1,0,66.7,74.2,0,18,0.0,0,1,1,100.0,1,118.8,1,100.0,0,18,0,0.0,18.0,18.0,0,,0,,,0,0,,0,0,0,,,0,0,0.0,0,1,0,100.0,1,0.0,0,0.0,0,0,0,,,0.0,,,,0,,,0,0,,0,0,0,0,0,0.0,0,3,0,33.3,1,0.0,0,0.0,0,0,0,,,0.0,18.0,0,100.0,,0,0,0.0,0,1,0,66.7,74.2,0,18,0.0,0,3,1,100.0,3,118.8,1,33.3,0,18,0,0.0,18.0,6.0,,0,,,0,0,,0,0,0,,,0,0,0.0,0,1,0,100.0,1,0.0,0,0.0,0,0,0,,,0.0,,0,,,0,0,,0,0,0,,,0,0,,0,0,0,,0,0.0,0,0.0,0,0,0,,,
Jaden Greathouse,171085,WR,NOTRE DAME,1,1,,0,,,0,0,,0,0,0,,,0,0,,0,0,0,,0,0.0,0,0.0,0,0,0,,,,,0,,,0,0,,0,0,0,,,0,0,0.0,0,2,0,100.0,2,0.0,0,0.0,0,0,0,,,0.0,,0,,,0,0,,0,0,0,,,0,0,,0,0,0,,0,0.0,0,,0,0,0,,,,,0,,,0,0,,0,0,0,,,0,0,0.0,0,2,0,100.0,2,0.0,0,0.0,0,0,0,,,0.0,5.0,0,100.0,100.0,1,1,0.0,0,1,0,66.7,74.5,0,8,0.0,0,4,1,100.0,4,100.0,1,25.0,0,8,3,3.0,8.0,2.0,0,,0,,,0,0,,0,0,0,,,0,0,,0,0,0,,0,0.0,0,0.0,0,0,0,,,,258,,0,,,0,0,,0,0,0,,,0,0,,0,0,0,,0,0.0,0,,0,0,0,,,,,0,,,0,0,,0,0,0,,,0,0,,0,0,0,,0,0.0,0,,0,0,0,,,,,0,,,0,0,,0,0,0,,,0,0,,0,0,0,,0,0.0,0,,0,0,0,,,,,0,,,0,0,,0,0,0,,,0,0,0.0,0,2,0,100.0,2,0.0,0,0.0,0,0,0,,,0.0,,0,,,0,0,,0,0,0,,,0,0,,0,0,0,,0,0.0,0,0.0,0,0,0,,,,0,,0,,,0,0,,0,0,0,,,0,0,,0,0,0,,0,0.0,0,,0,0,0,,,,,,,0,,,0,0,,0,0,0,0,0,0.0,0,1,0,100.0,1,0.0,0,0.0,0,0,0,,,0.0,,0,,,0,0,,0,0,0,,,0,0,,0,0,0,,0,0.0,0,,0,0,0,,,,,0,,,0,0,,0,0,0,,,0,0,0.0,0,3,0,66.7,2,0.0,0,0.0,0,0,0,,,0.0,5.0,0,100.0,100.0,1,1,0.0,0,1,0,66.7,74.5,0,8,0.0,0,1,1,100.0,1,100.0,1,100.0,0,8,3,3.0,8.0,8.0
