player,player_id,position,team_name,player_game_count,coverage_snaps,coverage_snaps_per_reception,coverage_snaps_per_target,franchise_id,interceptions,qb_rating_against,receptions,targets,touchdowns,yards,yards_after_catch,yards_per_coverage_snap
Brevin Randle,103830,LB,LA TECH,1,2,,2.0,208,0,39.6,0,1,0,0,0,0.0
Cam Junior,133941,S,E KENTUCKY,1,3,,3.0,159,0,39.6,0,1,0,0,0,0.0
Elliott Davison,133219,S,UTSA,1,12,,6.0,331,0,39.6,0,2,0,0,0,0.0
Kaleb Culp,133217,S,TEXAS ST,1,3,,3.0,314,0,39.6,0,1,0,0,0,0.0
JuJu Ganthier,142375,CB,STNY BROOK,1,6,,6.0,303,1,0.0,0,1,0,0,0,0.0
Parker McKenna,143761,LB,PORTLAND,1,6,,6.0,269,0,39.6,0,1,0,0,0,0.0
Malik Mustapha,142358,S,WAKE,1,8,,8.0,339,0,39.6,0,1,0,0,0,0.0
Jared Joseph,142355,LB,RICHMOND,1,12,,6.0,276,0,39.6,0,2,0,0,0,0.0
Power Echols,143961,LB,N CAROLINA,1,8,,8.0,245,0,39.6,0,1,0,0,0,0.0
Stephon Hall,144023,S,PITTSBURGH,1,2,,2.0,268,0,39.6,0,1,0,0,0,0.0
Tahj Summey,139125,S,VA MILT IN,1,22,,22.0,336,0,39.6,0,1,0,0,0,0.0
Jalen Hoyle,144081,S,STNY BROOK,1,14,,2.8,303,1,0.0,0,5,0,0,0,0.0
Austin Ambush,142273,S,JVILLE ST,1,5,,5.0,196,0,39.6,0,1,0,0,0,0.0
Brad Igweike,142217,CB,ALBANY,1,11,,11.0,106,0,39.6,0,1,0,0,0,0.0
Preston Hodge,131462,CB,LIBERTY,1,23,,23.0,206,0,39.6,0,1,0,0,0,0.0
Amauri Floyd,141384,LB,N ALABAMA,1,4,,4.0,389,0,39.6,0,1,0,0,0,0.0
Jaylen Jones,144085,S,VA TECH,1,6,,6.0,337,0,39.6,0,1,0,0,0,0.0
Barrett Carter,144109,LB,CLEMSON,1,3,,3.0,140,0,39.6,0,1,0,0,0,0.0
Tommy McCormick,141567,S,IDAHO,1,2,,2.0,185,0,39.6,0,1,0,0,0,0.0
Tommy Ellis,141627,LB,N ARIZONA,1,5,,5.0,252,0,39.6,0,1,0,0,0,0.0
James Burgess,141739,CB,ALABAMA ST,1,1,,1.0,105,0,39.6,0,1,0,0,0,0.0
Javius Williams,141975,S,TEXAS STHN,1,5,,2.5,313,0,39.6,0,2,0,0,0,0.0
David Carter Jr.,130450,S,E MICHIGAN,1,6,,6.0,160,0,39.6,0,1,0,0,0,0.0
Damien Henderson,177455,CB,HARVARD,1,30,,15.0,179,0,39.6,0,2,0,0,0,0.0
Keionte Newson,130343,LB,BALL ST,1,6,,6.0,117,0,39.6,0,1,0,0,0,0.0
Joe Toepfer,75110,LB,ST FRANCIS,1,2,,2.0,299,0,39.6,0,1,0,0,0,0.0
Eli Thompson,177400,CB,HOLY CROSS,1,6,,3.0,181,0,39.6,0,2,0,0,0,0.0
Isaac Duffy,76575,S,ALBANY,1,29,,14.5,106,0,39.6,0,2,0,0,0,0.0
Darren James-Hamilton,176927,CB,ELON,1,12,,12.0,162,0,39.6,0,1,0,0,0,0.0
Saboor Karriem,175970,S,ILLINOIS,1,7,,7.0,187,0,39.6,0,1,0,0,0,0.0
Tyreem Powell,129900,LB,RUTGERS,1,1,,1.0,278,0,39.6,0,1,0,0,0,0.0
Kasyus Kurns,178462,CB,TARLETON,1,4,,4.0,401,0,39.6,0,1,0,0,0,0.0
Dylan Hazen,144192,LB,WAKE,1,4,,4.0,339,0,39.6,0,1,0,0,0,0.0
Sanoussi Kane,129820,S,PURDUE,1,11,,11.0,273,0,39.6,0,1,0,0,0,0.0
Bryon Threats,144240,S,CINCINNATI,1,9,,4.5,138,0,39.6,0,2,0,0,0,0.0
Isaiah Nwokobia,144373,S,SMU,1,5,,5.0,287,0,39.6,0,1,0,0,0,0.0
Carlos Hatcher,76824,ED,COAST CAR,1,3,,3.0,141,0,39.6,0,1,0,0,0,0.0
Herman Smith,175129,S,IDAHO ST,1,8,,8.0,186,0,39.6,0,1,0,0,0,0.0
Bailey Despanie,144413,S,TULANE,1,6,,6.0,319,0,39.6,0,1,0,0,0,0.0
Miles Scott,144809,S,ILLINOIS,1,2,,2.0,187,0,39.6,0,1,0,0,0,0.0
Stanquan Clark,174698,LB,LOUISVILLE,1,1,,1.0,210,0,39.6,0,1,0,0,0,0.0
Jay Higgins,129469,LB,IOWA,1,3,,3.0,192,0,39.6,0,1,0,0,0,0.0
Xavier Benson,77236,LB,OKLA STATE,1,13,,13.0,262,0,39.6,0,1,0,0,0,0.0
Jamison Patton,174683,S,IOWA STATE,1,2,,2.0,193,0,39.6,0,1,0,0,0,0.0
Darrian Lewis,145611,CB,AKRON,1,4,,4.0,102,0,39.6,0,1,0,0,0,0.0
Jordan Castell,174237,S,FLORIDA,1,2,,2.0,163,0,39.6,0,1,0,0,0,0.0
Cam Kirk,145813,S,MIAMI OH,1,1,,1.0,221,0,39.6,0,1,0,0,0,0.0
Matthew Littlejohn,174148,CB,CAL,1,12,,12.0,130,0,39.6,0,1,0,0,0,0.0
Dee Pierce,145828,S,ROB MORRIS,1,8,,8.0,277,0,39.6,0,1,0,0,0,0.0
Que Reid,78694,S,JAMES MAD,1,3,,3.0,197,0,39.6,0,1,0,0,0,0.0
Cameren Jenkins,174076,S,UNLV,1,2,,2.0,325,0,39.6,0,1,0,0,0,0.0
Muhammed Jammeh,145863,S,N ILLINOIS,1,1,,1.0,254,1,0.0,0,1,0,0,0,0.0
Javaughn Byrd,145873,CB,N ILLINOIS,1,1,,1.0,254,0,39.6,0,1,0,0,0,0.0
Mathias Bertram,128255,LB,IDAHO,1,24,,12.0,185,0,39.6,0,2,0,0,0,0.0
Jaylen Evans,79121,S,SCAR STATE,1,6,,6.0,290,0,39.6,0,1,0,0,0,0.0
De'Markis Doe,79127,S,SCAR STATE,1,5,,5.0,290,0,39.6,0,1,0,0,0,0.0
Isaac Paul,173799,S,KENNESAW,1,16,,16.0,200,0,39.6,0,1,0,0,0,0.0
Jevon McIver Jr.,173761,CB,AUSTINPEAY,1,1,,1.0,116,0,39.6,0,1,0,0,0,0.0
Travis Bates,173739,ED,AUSTINPEAY,1,3,,3.0,116,0,39.6,0,1,0,0,0,0.0
Peyton Bowen,173687,S,OKLAHOMA,1,6,,6.0,261,0,39.6,0,1,0,0,0,0.0
Cincir Evans,81209,LB,MEMPHIS,1,2,,2.0,218,0,39.6,0,1,0,0,0,0.0
Jordan Sanford,173646,S,TEXAS TECH,1,2,,2.0,315,0,39.6,0,1,0,0,0,0.0
Sanjay Strickland,128168,LB,LNDNWD,1,7,,3.5,949,0,39.6,0,2,0,0,0,0.0
Ben Osueke,173278,CB,TEMPLE,1,1,,1.0,306,0,39.6,0,1,0,0,0,0.0
KeyShawn Johnson,81280,LB,PRVIEW A&M,1,2,,2.0,270,0,39.6,0,1,0,0,0,0.0
Trevon Gola-Callard,172978,S,SO UTAH,1,12,,12.0,298,0,39.6,0,1,0,0,0,0.0
TJ Metcalf,172415,S,ARKANSAS,1,1,,1.0,111,0,39.6,0,1,0,0,0,0.0
Zeraun Daniel,172021,S,GEORGETOWN,1,3,,3.0,172,0,39.6,0,1,0,0,0,0.0
Andrew Osmun,172008,S,FORDHAM,1,7,,7.0,168,0,39.6,0,1,0,0,0,0.0
Te'Rai Powell,128102,S,UMASS,1,5,,5.0,216,0,39.6,0,1,0,0,0,0.0
Deuce Geter,171957,S,BUCKNELL,1,12,,12.0,125,0,39.6,0,1,0,0,0,0.0
Jordan Oliver,83050,CB,HOUCHR,1,4,,4.0,183,0,39.6,0,1,0,0,0,0.0
Marsel McDuffie,146212,LB,UNLV,1,2,,2.0,325,0,39.6,0,1,0,0,0,0.0
Karene Reid,146447,LB,UTAH,1,4,,2.0,328,0,39.6,0,2,0,0,0,0.0
Jaheim Howard,187015,S,INDIPA,1,5,,5.0,919,0,39.6,0,1,0,0,0,0.0
Buju Aumua-Tuisavura,171636,S,ST FRANCIS,1,9,,9.0,299,0,39.6,0,1,0,0,0,0.0
Tra Green,83150,S,CENT ARK,1,6,,6.0,132,0,39.6,0,1,0,0,0,0.0
Antonio Doyle Jr.,124315,ED,JACKSON ST,1,1,,1.0,194,0,39.6,0,1,0,0,0,0.0
Kyle Taylor,155840,LB,TARLETON,1,2,,2.0,401,0,39.6,0,1,0,0,0,0.0
Jerrod Cameron Jr.,156679,CB,UMASS,1,8,,8.0,216,0,39.6,0,1,0,0,0,0.0
Gavin Davis-Smith,104313,S,SACRAMENTO,1,10,,10.0,279,0,39.6,0,1,0,0,0,0.0
D'Verick Daniel,156539,S,FIU,1,8,,8.0,166,0,39.6,0,1,0,0,0,0.0
Jaeden Gould,156459,S,SYRACUSE,1,1,,1.0,304,0,39.6,0,1,0,0,0,0.0
Brenyen Scott,156181,S,TEMPLE,1,2,,2.0,306,0,39.6,0,1,0,0,0,0.0
Kyrin Beachem,102604,S,IDAHO,1,8,,4.0,185,0,39.6,0,2,0,0,0,0.0
Jason Simmons Jr.,102660,S,SYRACUSE,1,14,,4.7,304,0,39.6,0,3,0,0,0,0.0
Antonio Watts,156327,LB,LOUISVILLE,1,12,,12.0,210,0,39.6,0,1,0,0,0,0.0
Matt Barnett,103782,LB,LNDNWD,1,4,,4.0,949,0,39.6,0,1,0,0,0,0.0
Patrick Mensah,83272,CB,LA LAFAYET,1,17,,17.0,207,1,0.0,0,1,0,0,0,0.0
Cole Bishop,146454,S,UTAH,1,9,,4.5,328,0,39.6,0,2,0,0,0,0.0
Alex McLaughlin,170717,S,N ARIZONA,1,19,,19.0,252,0,39.6,0,1,0,0,0,0.0
Key Lawrence,124286,S,OKLAHOMA,1,9,,9.0,261,0,39.6,0,1,0,0,0,0.0
Kris Abrams-Draine,124194,CB,MISSOURI,1,11,,11.0,229,0,39.6,0,1,0,0,0,0.0
Donovan McMillon,146700,S,PITTSBURGH,1,7,,7.0,268,0,39.6,0,1,0,0,0,0.0
Nyland Green,146720,CB,GEORGIA,1,1,,1.0,173,0,39.6,0,1,0,0,0,0.0
Major Burns,124016,S,LSU,1,4,,2.0,211,0,39.6,0,2,0,0,0,0.0
Jordan Lovett,146745,S,KENTUCKY,1,4,,4.0,202,0,39.6,0,1,0,0,0,0.0
Dominique Hampton,83452,S,WASHINGTON,1,14,,14.0,340,1,0.0,0,1,0,0,0,0.0
Nasir Hill,167650,S,PRINCETON,1,5,,5.0,272,0,39.6,0,1,0,0,0,0.0
Jabari Johnson,83846,S,SM HOUSTON,1,4,,4.0,281,0,39.6,0,1,0,0,0,0.0
Philjae Bien-Aime,123733,CB,N ALABAMA,1,22,,11.0,389,0,39.6,0,2,0,0,0,0.0
Robert Wilson,167113,CB,GRAMBLING,1,5,,5.0,177,0,39.6,0,1,0,0,0,0.0
Unknown Citadel D23,182881,S,CITADEL,1,6,,6.0,139,1,0.0,0,1,0,0,0,0.0
Sam Lockett III,84482,S,WASH STATE,1,7,,7.0,341,0,39.6,0,1,0,0,0,0.0
Darius Muasau,86008,LB,UCLA,1,1,,1.0,324,0,39.6,0,1,0,0,0,0.0
Kevin Thomas,167103,S,GRAMBLING,1,4,,4.0,177,0,39.6,0,1,0,0,0,0.0
Blake Ruffin,86298,S,E ILLINOIS,1,5,,5.0,158,0,39.6,0,1,0,0,0,0.0
Dedric Walker,166598,S,BRYANT,1,1,,1.0,124,0,39.6,0,1,0,0,0,0.0
Kristian Pugh,165772,S,LAMAR,1,7,,7.0,204,0,39.6,0,1,0,0,0,0.0
Jaxson Smith,165732,CB,UTAHTC,1,5,,5.0,1285,0,39.6,0,1,0,0,0,0.0
Marcis Floyd,88366,S,W VIRGINIA,1,14,,14.0,343,0,39.6,0,1,0,0,0,0.0
T.J. Marshall,123673,S,ABILENE CH,1,2,,2.0,100,0,39.6,0,1,0,0,0,0.0
Trevin Wallace,146747,LB,KENTUCKY,1,5,,5.0,202,0,39.6,0,1,0,0,0,0.0
Ruben Lopez,165277,S,SAN DIEGO,1,14,,4.7,283,0,39.6,0,3,0,0,0,0.0
Tre Phillips,146858,CB,ALABAMA ST,1,5,,2.5,105,0,39.6,0,2,0,0,0,0.0
Kendrick Simpkins,123466,S,W KENTUCKY,1,5,,5.0,346,0,39.6,0,1,0,0,0,0.0
Caelen Carson,123377,CB,WAKE,1,2,,2.0,339,0,39.6,0,1,0,0,0,0.0
Nick Andersen,123370,S,WAKE,1,11,,11.0,339,0,39.6,0,1,0,0,0,0.0
Rishi Rattan,123230,CB,TULANE,1,7,,7.0,319,0,39.6,0,1,0,0,0,0.0
Tobias Fletcher,147094,S,COAST CAR,1,6,,6.0,141,0,39.6,0,1,0,0,0,0.0
Ryan Crandall,164935,LB,W ILLINOIS,1,9,,9.0,345,0,39.6,0,1,0,0,0,0.0
Kitan Crawford,123111,S,TEXAS,1,3,,3.0,311,0,39.6,0,1,0,0,0,0.0
Jahdae Barron,123105,S,TEXAS,1,16,,16.0,311,0,39.6,0,1,0,0,0,0.0
Tyrell Davis,147124,S,GA SOUTHRN,1,6,,6.0,174,0,39.6,0,1,0,0,0,0.0
Joshua Hong,91547,S,SAN DIEGO,1,11,,11.0,283,0,39.6,0,1,0,0,0,0.0
Cedric Gray,122835,LB,N CAROLINA,1,4,,4.0,245,0,39.6,0,1,0,0,0,0.0
P.J. Hall,122748,S,MO STATE,1,11,,11.0,230,0,39.6,0,1,0,0,0,0.0
Armani Orange,147600,S,E WASHGTON,1,6,,6.0,161,0,39.6,0,1,0,0,0,0.0
Joshua Tarver,164704,S,YALE,1,9,,9.0,352,0,39.6,0,1,0,0,0,0.0
Daniel Raymond,148454,LB,TOWSON,1,6,,6.0,317,0,39.6,0,1,0,0,0,0.0
Josiah Wright,164509,S,GARD-WEBB,1,13,,13.0,171,0,39.6,0,1,0,0,0,0.0
Ty Anderson,164498,S,GARD-WEBB,1,7,,7.0,171,0,39.6,0,1,0,0,0,0.0
Chris Yates,148545,S,BRYANT,1,5,,2.5,124,0,39.6,0,2,0,0,0,0.0
Tyree Skipper,122660,S,LA LAFAYET,1,8,,4.0,207,1,0.0,0,2,0,0,0,0.0
Isaiah Essissima,97243,CB,NEVADA,1,1,,1.0,239,0,39.6,0,1,0,0,0,0.0
Ryan Madison,164302,S,N ALABAMA,1,3,,1.5,389,0,39.6,0,2,0,0,0,0.0
Jaden Davis,97250,CB,MIAMI FL,1,2,,2.0,220,0,39.6,0,1,0,0,0,0.0
KJ Figures,164244,S,E KENTUCKY,1,1,,1.0,159,0,39.6,0,1,0,0,0,0.0
TJ Smith,122618,S,GA SOUTHRN,1,6,,6.0,174,0,39.6,0,1,0,0,0,0.0
Daquan Evans,97326,CB,USF,1,24,,12.0,327,0,39.6,0,2,0,0,0,0.0
Jonathan Thompson,164156,LB,CINCINNATI,1,4,,4.0,138,0,39.6,0,1,0,0,0,0.0
Tommie McKoy III,148596,LB,MERRIMACK,1,2,,2.0,385,0,39.6,0,1,0,0,0,0.0
Jalik Thomas,164048,S,APP STATE,1,1,,1.0,108,0,39.6,0,1,0,0,0,0.0
Jaxen Turner,71728,S,UNLV,1,19,,9.5,325,1,0.0,0,2,0,0,0,0.0
Anthony Fieldings,122439,CB,ALAB A&M,1,9,,9.0,104,0,39.6,0,1,0,0,0,0.0
Keonte Glinton,97470,CB,NEW MEX ST,1,10,,10.0,242,0,39.6,0,1,0,0,0,0.0
Kerry Martin Jr.,97473,S,AKRON,1,5,,5.0,102,0,39.6,0,1,0,0,0,0.0
Jaylen Stinson,122389,S,DUKE,1,7,,7.0,154,0,39.6,0,1,0,0,0,0.0
Larry Worth III,163980,S,JVILLE ST,1,7,,7.0,196,1,0.0,0,1,0,0,0,0.0
Ky'Won McCray,163967,S,JVILLE ST,1,2,,2.0,196,0,39.6,0,1,0,0,0,0.0
Jaden Voisin,97506,S,S ALABAMA,1,11,,11.0,288,0,39.6,0,1,0,0,0,0.0
Jabari Mack,163962,CB,JVILLE ST,1,7,,7.0,196,0,39.6,0,1,0,0,0,0.0
Jeremiah Harris,63043,S,JVILLE ST,1,5,,5.0,196,0,39.6,0,1,0,0,0,0.0
Alex Afari Jr.,163793,LB,KENTUCKY,1,8,,8.0,202,0,39.6,0,1,0,0,0,0.0
Darius Lorfils,163110,S,BOWL GREEN,1,11,,11.0,122,0,39.6,0,1,0,0,0,0.0
Jett Elad,97543,S,UNLV,1,4,,4.0,325,0,39.6,0,1,0,0,0,0.0
Carter McFadden,148694,CB,COLUMBIA,1,10,,10.0,145,0,39.6,0,1,0,0,0,0.0
Rocco Milia,148721,LB,COLUMBIA,1,3,,3.0,145,0,39.6,0,1,0,0,0,0.0
Hayden McDonald,148735,S,COLUMBIA,1,9,,9.0,145,0,39.6,0,1,0,0,0,0.0
Tony Washington,182443,S,VA LYNCHBU,1,2,,2.0,406,0,39.6,0,1,0,0,0,0.0
Josh Wallace,97676,CB,MICHIGAN,1,4,,4.0,222,0,39.6,0,1,0,0,0,0.0
Trey Rucker,97684,S,OKLA STATE,1,9,,9.0,262,0,39.6,0,1,0,0,0,0.0
Aaron Brebnor,148736,S,COLUMBIA,1,24,,12.0,145,0,39.6,0,2,0,0,0,0.0
Avery Dixon,161864,CB,BRYANT,1,11,,5.5,124,1,0.0,0,2,0,0,0,0.0
Holt Fletcher,148773,LB,CORNELL,1,7,,7.0,147,0,39.6,0,1,0,0,0,0.0
Kohner Cullimore,161386,LB,SO UTAH,1,2,,2.0,298,0,39.6,0,1,0,0,0,0.0
Will Mason,161324,CB,BUTLER,1,4,,4.0,127,0,39.6,0,1,0,0,0,0.0
Zion Childress,121963,S,KENTUCKY,1,5,,5.0,202,0,39.6,0,1,0,0,0,0.0
Connor Henderson,148774,LB,CORNELL,1,6,,6.0,147,1,0.0,0,1,0,0,0,0.0
Rasean Thomas,148775,S,CORNELL,1,2,,2.0,147,0,39.6,0,1,0,0,0,0.0
Myles Rowser,160351,S,NEW MEX ST,1,9,,9.0,242,0,39.6,0,1,0,0,0,0.0
Zane Porter,121745,S,MOREHEAD,1,8,,8.0,234,0,39.6,0,1,0,0,0,0.0
Cam Maddox,148832,S,DARTMOUTH,1,4,,4.0,148,0,39.6,0,1,0,0,0,0.0
Isaiah Cash,121669,S,HOUCHR,1,15,,15.0,183,0,39.6,0,1,0,0,0,0.0
Dylan Lawrence,98829,S,SO MISS,1,3,,3.0,296,0,39.6,0,1,0,0,0,0.0
Demani Richardson,98852,S,TEXAS A&M,1,7,,7.0,312,0,39.6,0,1,0,0,0,0.0
Oreck Frazier,148880,LB,HARVARD,1,2,,2.0,179,0,39.6,0,1,0,0,0,0.0
Hudson Clark,98871,S,ARKANSAS,1,9,,9.0,111,0,39.6,0,1,0,0,0,0.0
Julian Talley,148951,S,PENN,1,2,,2.0,267,0,39.6,0,1,0,0,0,0.0
Max Matolcsy,148973,S,PENN,1,8,,8.0,267,0,39.6,0,1,0,0,0,0.0
Aaron Smith,71596,S,NEW MEXICO,1,1,,1.0,241,0,39.6,0,1,0,0,0,0.0
Chris Russell Jr.,98989,LB,TEXAS A&M,1,1,,1.0,312,0,39.6,0,1,0,0,0,0.0
Samaurie Dukes,159958,S,W CAROLINA,1,9,,4.5,344,1,0.0,0,2,0,0,0,0.0
Alex Mitchell,159800,LB,CHATTNOOGA,1,5,,5.0,137,1,0.0,0,1,0,0,0,0.0
Ty Bartrum,159329,S,HARVARD,1,11,,5.5,179,0,39.6,0,2,0,0,0,0.0
John Schlendorf,149272,S,BUCKNELL,1,23,,23.0,125,0,39.6,0,1,0,0,0,0.0
Curtis Harris-Lopez,149421,S,HOLY CROSS,1,9,,9.0,181,0,39.6,0,1,0,0,0,0.0
Khalil Baker,109119,S,NC CENT,1,13,,13.0,247,0,39.6,0,1,0,0,0,0.0
Jeremiah Lewis,159288,S,CORNELL,1,3,,3.0,147,0,39.6,0,1,0,0,0,0.0
Bryce Barnes,159232,CB,WM & MARY,1,6,,6.0,348,0,39.6,0,1,0,0,0,0.0
Michael Hurst,159059,S,PORTLAND,1,7,,3.5,269,0,39.6,0,2,0,0,0,0.0
Jalen Goodman,108725,S,VILLANOVA,1,6,,6.0,334,1,0.0,0,1,0,0,0,0.0
Nick Bafia,149451,S,BUTLER,1,28,,9.3,127,0,39.6,0,3,0,0,0,0.0
Grif Wurtz,149797,S,STTHOM,1,12,,12.0,1129,0,39.6,0,1,0,0,0,0.0
Cecil Powell,99735,S,NC STATE,1,3,,3.0,248,0,39.6,0,1,0,0,0,0.0
Dylan Layne,158985,LB,IDAHO,1,6,,6.0,185,0,39.6,0,1,0,0,0,0.0
Jonathan Melvin,108147,LB,PENN,1,3,,3.0,267,0,39.6,0,1,0,0,0,0.0
Jayden Wickware,106025,ED,SAN DIEGO,1,14,,14.0,283,0,39.6,0,1,0,0,0,0.0
Jalen Bustamante,150320,LB,JVILLE ST,1,1,,1.0,196,0,39.6,0,1,0,0,0,0.0
Paul Lewis III,105990,CB,CORNELL,1,2,,2.0,147,0,39.6,0,1,0,0,0,0.0
Antorius Hambric Jr.,150358,S,LAMAR,1,3,,3.0,204,0,39.6,0,1,0,0,0,0.0
Daniel Douglas,105958,S,DELWARE ST,1,7,,7.0,152,0,39.6,0,1,0,0,0,0.0
Jeremy Evans,158556,LB,BAYLOR,1,3,,3.0,118,0,39.6,0,1,0,0,0,0.0
Keyshawn Swanson,100281,S,TROY,1,8,,8.0,318,0,39.6,0,1,0,0,0,0.0
Jordan Anderson,100285,S,UCLA,1,3,,3.0,324,0,39.6,0,1,0,0,0,0.0
Marc Stampley II,158364,CB,GA SOUTHRN,1,20,,20.0,174,0,39.6,0,1,0,0,0,0.0
Corey Thomas Jr.,100330,S,AKRON,1,12,,6.0,102,0,39.6,0,2,0,0,0,0.0
Miles Williams,100382,S,CAL,1,2,,2.0,130,0,39.6,0,1,0,0,0,0.0
Christopher Daigre,150831,CB,GRAMBLING,1,5,,5.0,177,0,39.6,0,1,0,0,0,0.0
Johnny Chaney Jr.,150871,LB,FL A&M,1,6,,3.0,164,0,39.6,0,2,0,0,0,0.0
Jourdan Powell,105847,CB,ROB MORRIS,1,4,,2.0,277,0,39.6,0,2,0,0,0,0.0
John Huggins,150982,S,JACKSON ST,1,13,,13.0,194,0,39.6,0,1,0,0,0,0.0
Zedane Williams,105389,S,NEW HAMP,1,3,,3.0,240,0,39.6,0,1,0,0,0,0.0
Jacob Parrish,157777,CB,KANSAS ST,1,12,,12.0,199,0,39.6,0,1,0,0,0,0.0
Julius Wood,151039,S,E CAROLINA,1,6,,6.0,156,0,39.6,0,1,0,0,0,0.0
Akili Arnold,71406,S,OREGON ST,1,6,,3.0,265,0,39.6,0,2,0,0,0,0.0
Miguel Mitchell,157742,S,FLORIDA,1,2,,2.0,163,0,39.6,0,1,0,0,0,0.0
Dylan Dixson,157722,CB,MO STATE,1,6,,6.0,230,0,39.6,0,1,0,0,0,0.0
James Jackson,151086,LB,VIRGINIA,1,5,,2.5,335,0,39.6,0,2,0,0,0,0.0
Caqavouis Berryhill,101129,S,USF,1,13,,13.0,327,0,39.6,0,1,0,0,0,0.0
AJ Vongphachanh,101172,LB,BYU,1,7,,7.0,128,0,39.6,0,1,0,0,0,0.0
Jaymason Willingham,101223,LB,PORTLAND,1,4,,4.0,269,1,0.0,0,1,0,0,0,0.0
Xavier Smith,157707,S,AUSTINPEAY,1,6,,6.0,116,0,39.6,0,1,0,0,0,0.0
Jacob Biggs,151138,LB,YALE,1,1,,1.0,352,0,39.6,0,1,0,0,0,0.0
Omar Rogers,105076,S,E CAROLINA,1,4,,2.0,156,0,39.6,0,2,0,0,0,0.0
Javin Wright,101373,S,NEBRASKA,1,2,,2.0,238,0,39.6,0,1,0,0,0,0.0
Matt Guggemos,101391,S,STTHOM,1,7,,7.0,1129,0,39.6,0,1,0,0,0,0.0
Keylen Gulley,157461,CB,E MICHIGAN,1,1,,1.0,160,0,39.6,0,1,0,0,0,0.0
Tyrin Bradley,151205,ED,W VIRGINIA,1,10,,10.0,343,0,39.6,0,1,0,0,0,0.0
Isaiah Greene,153970,CB,CAMPBELL,1,2,,2.0,131,0,39.6,0,1,0,0,0,0.0
A'Khori Jones,157391,S,LIBERTY,1,3,,3.0,206,0,39.6,0,1,0,0,0,0.0
Robert Carter Jr.,154439,CB,ROB MORRIS,1,2,,2.0,277,0,39.6,0,1,0,0,0,0.0
Hugh Ryan,104863,S,FURMAN,1,2,,2.0,170,0,39.6,0,1,0,0,0,0.0
Jaylon Guilbeau,157307,CB,TEXAS,1,14,,7.0,311,0,39.6,0,2,0,0,0,0.0
Namdi Obiazor,157288,LB,TCU,1,6,,6.0,305,0,39.6,0,1,0,0,0,0.0
Jalen Newman,155393,CB,PRINCETON,1,1,,1.0,272,0,39.6,0,1,0,0,0,0.0
Ty Davis,155756,LB,DELAWARE,1,5,,5.0,151,0,39.6,0,1,0,0,0,0.0
Marvin Grant,101670,S,KANSAS,1,7,,7.0,198,0,39.6,0,1,0,0,0,0.0
Khalil Arrington,104524,LB,JACKSON ST,1,4,,4.0,194,0,39.6,0,1,0,0,0,0.0
Christian Ellis,157236,S,NEW MEXICO,1,13,,3.3,241,0,39.6,0,4,0,0,0,0.0
Blake Smith,155827,S,TARLETON,1,11,,5.5,401,0,39.6,0,2,0,0,0,0.0
Benjamin Morrison,156968,CB,NOTRE DAME,1,5,,5.0,258,0,39.6,0,1,0,0,0,0.0
Bryan McCoy Jr.,156889,LB,AKRON,1,1,,1.0,102,0,39.6,0,1,0,0,0,0.0
Aiden Fisher,156725,LB,JAMES MAD,1,1,,1.0,197,0,39.6,0,1,0,0,0,0.0
Jacob Thomas,156722,S,JAMES MAD,1,9,,4.5,197,0,39.6,0,2,0,0,0,0.0
James Neal,102046,LB,UTEP,1,1,,1.0,330,0,39.6,0,1,0,0,0,0.0
Xavier Kane,102083,S,CAMPBELL,1,7,,7.0,131,0,39.6,0,1,0,0,0,0.0
Tyler Flick,102093,LB,COLGATE,1,1,,1.0,142,0,39.6,0,1,0,0,0,0.0
Joedrick Lewis,159624,CB,SE MO ST,1,42,42.0,6.0,293,0,39.6,1,7,0,19,19,0.45
Noah Pierre,83244,S,INDIANA,1,40,40.0,20.0,190,0,62.5,1,2,0,9,0,0.23
K.J. Wallace,102686,CB,GA TECH,1,34,34.0,17.0,176,0,66.7,1,2,0,11,2,0.32
Alijah Huzzie,101807,CB,N CAROLINA,1,31,31.0,6.2,245,2,0.0,1,5,0,11,3,0.35
Cody Coleman,104964,CB,SO UTAH,1,30,30.0,15.0,298,1,27.1,1,2,0,11,5,0.37
Marvin Smith,155900,S,ALAB A&M,1,29,29.0,5.8,104,0,39.6,1,5,0,4,1,0.14
Jordan Clark,97324,CB,ARIZONA ST,1,26,26.0,8.7,110,0,61.8,1,3,0,23,4,0.88
Jack Lucas,104338,S,TENN MARTN,1,25,25.0,8.3,310,0,42.4,1,3,0,0,3,0.0
Jordan Campbell,150741,CB,SACR HEART,1,25,25.0,12.5,280,1,16.7,1,2,0,2,5,0.08
Lorando Johnson,122271,CB,ARKANSAS,1,25,25.0,12.5,111,0,62.5,1,2,0,9,2,0.36
Jy Gilmore,138115,CB,TENN TECH,1,24,24.0,24.0,309,0,79.2,1,1,0,2,0,0.08
Jaden Harris,162734,S,MIAMI FL,1,23,23.0,23.0,220,0,118.8,1,1,0,28,10,1.22
Lovie Jenkins,122709,S,FL A&M,1,23,23.0,23.0,164,0,118.8,1,1,0,26,18,1.13
Johnquai Lewis,122568,CB,MCNEESE,1,22,22.0,11.0,217,0,56.3,1,2,0,6,5,0.27
Zachary Ford,55353,S,TOLEDO,1,22,22.0,7.3,316,0,42.4,1,3,0,6,0,0.27
Jayden Curry,100926,S,USF,1,22,22.0,22.0,327,0,116.7,1,1,0,12,1,0.55
Keondre Swoopes,97241,S,UAB,1,21,21.0,5.3,321,0,39.6,1,4,0,2,0,0.1
Jalen Christian,151024,S,BETH COOK,1,21,21.0,10.5,119,0,56.3,1,2,0,-2,4,-0.1
Tyrell Mims,142398,CB,VILLANOVA,1,20,20.0,6.7,334,0,77.1,1,3,0,34,3,1.7
Kapena Gushiken,174157,CB,WASH STATE,1,20,20.0,20.0,341,0,79.2,1,1,0,0,0,0.0
Kam Pedescleaux,83278,S,TULANE,1,20,20.0,10.0,319,0,56.3,1,2,0,3,6,0.15
Robert Kennedy III,145371,S,NC STATE,1,19,19.0,19.0,248,0,104.2,1,1,0,9,5,0.47
Jeremiah Cooper,157608,S,IOWA STATE,1,19,19.0,9.5,193,0,62.5,1,2,0,9,5,0.47
Colin Elliott,142072,CB,BRYANT,1,18,18.0,6.0,124,0,43.8,1,3,0,10,0,0.56
Amir McDaniel,97087,CB,LA LAFAYET,1,18,18.0,6.0,207,0,86.1,1,3,1,12,6,0.67
Myles Purchase,144548,CB,IOWA STATE,1,18,18.0,6.0,193,0,42.4,1,3,0,2,1,0.11
Bryce Anderson,158640,S,TEXAS A&M,1,18,18.0,18.0,312,0,108.3,1,1,0,10,0,0.56
Zayid Aziz,149329,CB,GEORGETOWN,1,18,18.0,6.0,172,0,42.4,1,3,0,8,9,0.44
George Steele,105862,CB,N ARIZONA,1,36,18.0,18.0,252,0,87.5,2,2,0,10,11,0.28
DeAndre Hollins,76647,CB,CHARLOTTE,1,17,17.0,17.0,136,0,79.2,1,1,0,-5,-2,-0.29
Patrick Jones,162351,S,TARLETON,1,17,17.0,17.0,401,0,79.2,1,1,0,3,0,0.18
Bo Sanders,105091,S,ELON,1,17,17.0,17.0,162,0,79.2,1,1,0,0,3,0.0
Max Epps,160080,S,TXAMCO,1,17,17.0,2.8,1139,1,0.0,1,6,0,5,0,0.29
Mohamed Kamara,182305,S,VALPO,1,33,16.5,8.3,332,0,56.3,2,4,0,8,8,0.24
Alex Smith Jr.,149287,S,BUCKNELL,1,16,16.0,16.0,125,0,91.7,1,1,0,6,7,0.38
Donte Kent,130439,CB,C MICHIGAN,1,16,16.0,8.0,134,0,135.4,1,2,1,72,45,4.5
Maxwell Anderson,103562,CB,WEBER ST,1,16,16.0,8.0,342,0,85.4,1,2,0,20,14,1.25
Jarrian Jones,97486,CB,FLORIDA ST,1,16,16.0,8.0,167,0,62.5,1,2,0,9,13,0.56
Ca'ron Coleman,149520,S,DAYTON,1,16,16.0,5.3,150,0,42.4,1,3,0,8,3,0.5
Eli Ennis,160835,LB,NICHOLLS,1,16,16.0,16.0,243,0,158.3,1,1,1,15,0,0.94
Cam Allen,101374,CB,PURDUE,1,31,15.5,5.2,273,0,44.4,2,6,0,21,11,0.68
Orlandus McLaurin,100686,CB,SO MISS,1,15,15.0,15.0,296,0,158.3,1,1,1,60,29,4.0
Shaquan Loyal,145143,S,RUTGERS,1,15,15.0,7.5,278,0,95.8,1,2,0,28,3,1.87
Eric Little,148920,LB,HARVARD,1,15,15.0,15.0,179,0,112.5,1,1,0,11,2,0.73
Jordan Walker,129403,S,CHATTNOOGA,1,15,15.0,15.0,137,0,118.8,1,1,0,13,16,0.87
Level Price Jr.,91257,CB,MONTANA ST,1,29,14.5,9.7,233,0,79.9,2,3,0,16,13,0.55
Trevian Thomas,121544,S,ARK STATE,1,28,14.0,9.3,113,0,109.7,2,3,0,43,3,1.54
Donovan Kaufman,124351,S,AUBURN,1,14,14.0,4.7,115,0,68.8,1,3,0,28,21,2.0
Daiquan White,175068,CB,E MICHIGAN,1,14,14.0,3.5,160,0,39.6,1,4,0,6,6,0.43
Amir Riep,55672,S,LINCOK,1,14,14.0,14.0,1452,0,118.8,1,1,0,13,7,0.93
Jae'Veyon Morton,76733,CB,MORGAN ST,1,14,14.0,4.7,235,0,61.8,1,3,0,23,19,1.64
Noah Palm,142331,S,NEW HAMP,1,14,14.0,4.7,240,0,42.4,1,3,0,5,8,0.36
Andru Phillips,124075,CB,KENTUCKY,1,28,14.0,4.7,202,0,42.4,2,6,0,9,0,0.32
Travis West,103551,S,PORTLAND,1,27,13.5,13.5,269,0,118.8,2,2,0,46,3,1.7
Caleb Ransaw,147264,CB,TROY,1,27,13.5,6.8,318,0,105.2,2,4,1,21,19,0.78
Seyi Oladipo Jr.,145984,S,BOISE ST,1,13,13.0,6.5,120,0,56.3,1,2,0,3,-2,0.23
Jaise Oliver,101091,CB,TULSA,1,26,13.0,5.2,320,0,47.9,2,5,0,13,0,0.5
VJ Payne,157780,S,KANSAS ST,1,13,13.0,6.5,199,0,66.7,1,2,0,11,10,0.85
Alex Johnson,83418,CB,UCLA,1,13,13.0,4.3,324,0,42.4,1,3,0,-3,0,-0.23
Malachi Moore,123928,S,ALABAMA,1,39,13.0,13.0,103,0,80.6,3,3,0,10,13,0.26
Aljareek Malry,103625,S,BALL ST,1,13,13.0,13.0,117,0,112.5,1,1,0,11,0,0.85
RaRa Dillworth,143956,LB,E CAROLINA,1,13,13.0,13.0,156,0,79.2,1,1,0,0,5,0.0
Manny Smith,89185,S,NC CENT,1,13,13.0,4.3,247,1,2.8,1,3,0,3,0,0.23
Malik Fleming,97144,S,HOUSTON,1,13,13.0,13.0,182,0,118.8,1,1,0,26,1,2.0
Deontre Morris,147990,S,KENNESAW,1,13,13.0,3.3,200,0,39.6,1,4,0,1,6,0.08
Brandon Crossley,97225,S,SMU,1,13,13.0,4.3,287,0,42.4,1,3,0,7,2,0.54
Ricky Harleston,102467,S,NORFOLK,1,13,13.0,6.5,244,0,62.5,1,2,0,9,1,0.69
Gabe DuBois,149387,CB,LAFAYETTE,1,13,13.0,13.0,203,0,116.7,1,1,0,12,0,0.92
Josh Addo,109280,CB,MERRIMACK,1,13,13.0,6.5,385,0,56.3,1,2,0,5,2,0.38
Keydrain Calligan,127949,CB,JACKSON ST,1,13,13.0,6.5,194,0,118.8,1,2,1,17,0,1.31
Caleb Curtain,148341,S,ELON,1,25,12.5,12.5,162,0,118.8,2,2,0,36,8,1.44
Andrew Mukuba,144129,CB,CLEMSON,1,25,12.5,6.3,140,0,65.6,2,4,0,21,2,0.84
Bud Clark,123066,CB,TCU,1,25,12.5,6.3,305,1,31.3,2,4,0,26,10,1.04
Dillon Gearhart,138206,S,ILL STATE,1,12,12.0,6.0,188,0,60.4,1,2,0,8,1,0.67
Trent Hendrick,156721,LB,JAMES MAD,1,12,12.0,12.0,197,0,158.3,1,1,1,20,0,1.67
Lance Dixon,101496,S,W VIRGINIA,1,12,12.0,6.0,343,0,72.9,1,2,0,14,4,1.17
Nick Emmanwori,158121,S,S CAROLINA,1,12,12.0,12.0,289,0,104.2,1,1,0,9,11,0.75
Ruperake Fuavai,100486,LB,HOUCHR,1,12,12.0,12.0,183,0,91.7,1,1,0,6,4,0.5
Ralph Ortiz,180176,LB,WESTFL,1,12,12.0,4.0,1269,1,2.8,1,3,0,2,4,0.17
Jacoby Mathews,158660,S,TEXAS A&M,1,12,12.0,12.0,312,0,83.3,1,1,0,4,7,0.33
Kym'Mani King,99282,CB,FL A&M,1,24,12.0,12.0,164,0,100.0,2,2,0,16,8,0.67
John Howse IV,146966,S,VANDERBILT,1,12,12.0,6.0,333,0,95.8,1,2,0,37,0,3.08
Micah Brown,165030,S,STHLSK,1,12,12.0,12.0,1470,0,158.3,1,1,1,17,19,1.42
Jordan Irvine,165080,S,STHLSK,1,12,12.0,6.0,1470,0,60.4,1,2,0,8,6,0.67
Calen Bullock,146424,S,USC,1,12,12.0,12.0,326,0,118.8,1,1,0,15,0,1.25
Francis Meehan,79071,S,JAMES MAD,1,12,12.0,12.0,197,0,91.7,1,1,0,6,0,0.5
Lawrence Johnson,79055,S,SE MO ST,1,24,12.0,12.0,293,0,87.5,2,2,0,10,8,0.42
Nate Bauer,76764,S,TOLEDO,1,12,12.0,4.0,316,0,42.4,1,3,0,6,11,0.5
Treydan Stukes,131596,CB,ARIZONA,1,12,12.0,4.0,109,0,42.4,1,3,0,1,2,0.08
Josh Proctor,83864,S,OHIO STATE,1,11,11.0,3.7,260,0,68.8,1,3,0,28,10,2.55
Jordan Scott,150221,S,UTAHTC,1,11,11.0,5.5,1285,0,72.9,1,2,0,14,2,1.27
Tre Weed,88679,S,NEVADA,1,11,11.0,5.5,239,0,58.3,1,2,0,7,1,0.64
Morice Norris Jr.,146033,CB,FRESNO ST,1,11,11.0,5.5,169,0,56.3,1,2,0,6,1,0.55
Dustin Johnson,83197,S,N COLORADO,1,33,11.0,6.6,253,1,29.2,3,5,0,20,3,0.61
Micah Gaffney,151083,CB,VIRGINIA,1,11,11.0,3.7,335,1,2.8,1,3,0,7,11,0.64
Zanjerry Dunham,165435,LB,SCAR STATE,1,11,11.0,11.0,290,0,118.8,1,1,0,13,9,1.18
Nikai Martinez,158447,S,UCF,1,11,11.0,11.0,323,0,79.2,1,1,0,1,0,0.09
Damari Brown,175373,CB,MIAMI FL,1,11,11.0,3.7,220,0,43.8,1,3,0,10,10,0.91
Corey Gordon,158557,S,BAYLOR,1,11,11.0,11.0,118,0,112.5,1,1,0,11,15,1.0
Brayton Spetter,149453,LB,BUTLER,1,11,11.0,5.5,127,1,29.2,1,2,0,12,10,1.09
Jalen Stroman,144106,S,VA TECH,1,11,11.0,11.0,337,0,116.7,1,1,0,12,13,1.09
CJ Christian,156558,S,FIU,1,11,11.0,11.0,166,0,143.8,1,1,1,9,0,0.82
Robert Riley,180178,LB,WESTFL,1,11,11.0,5.5,1269,0,95.8,1,2,0,26,3,2.36
Devin Dye,174758,S,UTAH ST,1,11,11.0,5.5,329,0,56.3,1,2,0,1,0,0.09
Ty Trinh,142406,S,VILLANOVA,1,11,11.0,5.5,334,0,56.3,1,2,0,3,4,0.27
Aaron Wofford,145950,S,W MICHIGAN,1,22,11.0,5.5,347,0,67.7,2,4,0,23,12,1.05
Tim Malo,148668,S,BROWN,1,11,11.0,5.5,123,0,95.8,1,2,0,42,7,3.82
Gavin Willis,171971,LB,BUCKNELL,1,11,11.0,11.0,125,0,83.3,1,1,0,4,6,0.36
Darius Green,144982,S,MINNESOTA,1,32,10.7,8.0,225,0,118.8,3,4,1,14,3,0.44
Yam Banks,121407,S,S ALABAMA,1,21,10.5,5.3,288,0,135.4,2,4,1,72,39,3.43
Max Williams,73985,S,USC,1,21,10.5,5.3,326,0,85.4,2,4,0,40,17,1.9
Ayden Hector,131933,CB,COLO STATE,1,31,10.3,10.3,144,0,93.1,3,3,0,19,16,0.61
Harold Perkins Jr.,157120,LB,LSU,1,10,10.0,10.0,211,0,100.0,1,1,0,8,3,0.8
Jaydon Hill,98645,CB,FLORIDA,1,10,10.0,10.0,163,0,118.8,1,1,0,19,24,1.9
Jeremiah Jackson,161297,S,BUTLER,1,10,10.0,10.0,127,0,118.8,1,1,0,13,0,1.3
Darius McClendon,97910,S,FAU,1,10,10.0,10.0,165,0,118.8,1,1,0,42,20,4.2
TraJon Cotton,52147,S,MONTANA,1,20,10.0,10.0,232,0,158.3,2,2,1,26,12,1.3
Mike Smith Jr.,122255,S,E KENTUCKY,1,20,10.0,10.0,159,0,143.8,2,2,1,18,10,0.9
Giovanni Biggers,99755,S,N CAROLINA,1,10,10.0,10.0,245,0,118.8,1,1,0,40,13,4.0
Buck Cooper,147280,CB,GA STATE,1,30,10.0,6.0,175,0,87.9,3,5,0,43,32,1.43
Isaiah Lawson,150456,S,NC CENT,1,10,10.0,10.0,247,0,108.3,1,1,0,10,-1,1.0
Clayton Isbell,89459,S,COAST CAR,1,10,10.0,10.0,141,0,118.8,1,1,0,18,16,1.8
Nick Chimienti,142370,S,STNY BROOK,1,10,10.0,10.0,303,0,108.3,1,1,0,10,5,1.0
Sage Ryan,146776,CB,LSU,1,10,10.0,5.0,211,0,62.5,1,2,0,9,5,0.9
Nicario Harper,83390,S,ILLINOIS,1,10,10.0,10.0,187,1,68.8,1,1,0,10,9,1.0
Daequan Hardy,101365,CB,PENN STATE,1,10,10.0,5.0,266,0,85.4,1,2,0,20,13,2.0
Kaonohi Kaniho,128134,CB,BOISE ST,1,10,10.0,10.0,120,0,118.8,1,1,0,15,4,1.5
Tervae Williams,174390,S,ALAB A&M,1,10,10.0,10.0,104,0,118.8,1,1,0,13,4,1.3
Bryson Shaw,101664,S,USC,1,10,10.0,10.0,326,0,118.8,1,1,0,26,3,2.6
Quantraill Morris-Walker,71187,CB,RICHMOND,1,10,10.0,5.0,276,0,56.3,1,2,0,2,5,0.2
Shawn Holton,102465,S,TEXAS ST,1,20,10.0,5.0,314,0,56.3,2,4,0,6,15,0.3
Ambe' Caldwell,130514,S,MIAMI OH,1,10,10.0,5.0,221,0,56.3,1,2,0,1,-1,0.1
Evan Eller,139104,S,VA MILT IN,1,10,10.0,3.3,336,0,42.4,1,3,0,9,0,0.9
Jalen Marshall,160011,LB,WOFFORD,1,10,10.0,10.0,350,0,104.2,1,1,0,9,4,0.9
Jaylin Simpson,98876,S,AUBURN,1,10,10.0,5.0,115,0,66.7,1,2,0,11,2,1.1
Jaden Slocum,146372,CB,STANFORD,1,19,9.5,6.3,300,0,79.9,2,3,0,16,9,0.84
Kris Sanchez,164081,LB,IDAHO ST,1,19,9.5,6.3,186,0,79.9,2,3,0,16,1,0.84
Terrell Coleman Jr.,178636,CB,PRVIEW A&M,1,19,9.5,6.3,270,0,149.3,2,3,1,67,64,3.53
Noa Pola-Gates,72535,S,NEW MEXICO,1,19,9.5,9.5,241,0,158.3,2,2,1,77,28,4.05
D'Mon Brinson,158609,CB,UCONN,1,28,9.3,9.3,146,0,105.6,3,3,0,28,30,1.0
Jason Maitre,76634,CB,WISCONSIN,1,46,9.2,7.7,349,0,98.6,5,6,0,46,28,1.0
J.J. Roberts,123399,S,MARSHALL,1,9,9.0,9.0,214,0,118.8,1,1,0,15,0,1.67
Jimmy Pouba,177805,LB,VALPO,1,9,9.0,9.0,332,0,118.8,1,1,0,24,1,2.67
KeMari Clark,150175,S,CENT ARK,1,9,9.0,9.0,132,0,118.8,1,1,0,24,7,2.67
Khari Johnson,123958,S,BOSTON COL,1,9,9.0,9.0,121,0,108.3,1,1,0,10,6,1.11
Phillip O'Brien Jr.,144033,S,PITTSBURGH,1,9,9.0,9.0,268,0,118.8,1,1,0,15,8,1.67
Michael Richard,170466,CB,LA TECH,1,9,9.0,4.5,208,0,72.9,1,2,0,14,8,1.56
Kamren Fabiculanan,72332,S,WASHINGTON,1,9,9.0,9.0,340,0,79.2,1,1,0,-1,0,-0.11
Anthony Blakely,178843,CB,MS VLY ST,1,18,9.0,3.6,228,0,82.9,2,5,0,57,36,3.17
Louis Moore,156415,S,INDIANA,1,9,9.0,9.0,190,0,95.8,1,1,0,7,10,0.78
Cameron Godfrey,79043,CB,CENT ARK,1,9,9.0,4.5,132,0,56.3,1,2,0,-3,1,-0.33
Scotty Edwards,157277,S,STANFORD,1,9,9.0,9.0,300,0,104.2,1,1,0,9,5,1.0
Ryan Cooper Jr.,162474,CB,OREGON ST,1,27,9.0,6.8,265,0,77.1,3,4,0,9,9,0.33
Joseph Charleston,99732,S,MISSOURI,1,18,9.0,6.0,229,0,109.7,2,3,1,8,9,0.44
Tray Dunson,102111,S,GARD-WEBB,1,9,9.0,9.0,171,0,116.7,1,1,0,12,13,1.33
Sean Williams,159301,S,DARTMOUTH,1,9,9.0,3.0,148,0,42.4,1,3,0,0,1,0.0
Cage Schenck,141538,CB,E WASHGTON,1,9,9.0,4.5,161,0,56.3,1,2,0,0,4,0.0
Kaleb Moody,148877,S,HARVARD,1,18,9.0,9.0,179,0,158.3,2,2,1,60,4,3.33
Jashon Prophete,130572,CB,N ILLINOIS,1,18,9.0,3.6,254,0,60.4,2,5,0,30,3,1.67
Xavier Watts,122914,S,NOTRE DAME,1,18,9.0,9.0,258,0,100.0,2,2,0,16,-2,0.89
J.J. O'Neal,164807,S,MO STATE,1,9,9.0,4.5,230,1,16.7,1,2,0,5,6,0.56
Xavier Scott,158226,CB,ILLINOIS,1,45,9.0,5.6,187,0,82.8,5,8,0,55,23,1.22
Joseph White,90870,S,NORFOLK,1,9,9.0,9.0,244,0,118.8,1,1,0,19,10,2.11
Gage Freeman,164936,S,W ILLINOIS,1,9,9.0,9.0,345,0,83.3,1,1,0,4,4,0.44
Bryant Weekly,150232,S,UTAHTC,1,9,9.0,9.0,1285,0,118.8,1,1,0,18,18,2.0
Franky Morales,159037,S,N COLORADO,1,44,8.8,6.3,253,0,144.6,5,7,2,73,37,1.66
Jarius Reimonenq,97383,S,JAMES MAD,1,26,8.7,5.2,197,1,59.2,3,5,0,56,9,2.15
Dasan McCullough,156403,S,OKLAHOMA,1,17,8.5,5.7,261,0,109.7,2,3,0,39,21,2.29
Cedarious Barfield,83078,S,S DIEGO ST,1,17,8.5,3.4,284,0,47.9,2,5,0,-2,8,-0.12
Melique Straker,155192,LB,ARK STATE,1,17,8.5,5.7,113,1,44.4,2,3,0,19,11,1.12
Sebastian Castro,101402,CB,IOWA,1,17,8.5,5.7,192,0,81.3,2,3,0,17,10,1.0
Jordan Coleman,163079,S,BALL ST,1,17,8.5,5.7,117,0,70.1,2,3,0,0,1,0.0
Kevin Anderson,97595,S,LAMAR,1,17,8.5,5.7,204,0,70.1,2,3,0,-3,8,-0.18
Solomon Brown,97386,CB,BUFFALO,1,17,8.5,5.7,126,0,71.5,2,3,0,10,10,0.59
Tyson McCloud,148816,S,DARTMOUTH,1,17,8.5,5.7,148,0,84.0,2,3,0,19,15,1.12
Evan Slocum,144208,CB,WAKE,1,17,8.5,5.7,339,0,72.9,2,3,0,11,7,0.65
Hunter Wohler,145183,S,WISCONSIN,1,17,8.5,8.5,349,0,93.8,2,2,0,13,6,0.76
Jack Henderson,141888,S,MINNESOTA,1,17,8.5,8.5,225,0,91.7,2,2,0,12,2,0.71
Mike Courtney,143052,S,FORDHAM,1,17,8.5,2.8,168,0,42.4,2,6,0,3,8,0.18
Ethan Stuhlsatz,171775,LB,LNDNWD,1,17,8.5,8.5,949,0,118.8,2,2,0,41,12,2.41
Thomas Harper,97325,CB,NOTRE DAME,1,34,8.5,4.9,258,0,77.7,4,7,0,47,5,1.38
Tayvonn Kyle,78131,CB,VIRGINIA,1,25,8.3,6.3,335,0,93.8,3,4,0,28,11,1.12
Dorian Davis,104347,S,TOWSON,1,8,8.0,4.0,317,0,56.3,1,2,0,4,0,0.5
Isaac Gifford,129689,S,NEBRASKA,1,8,8.0,8.0,238,0,118.8,1,1,0,28,3,3.5
Lathan Ransom,129755,S,OHIO STATE,1,8,8.0,8.0,260,0,116.7,1,1,0,12,7,1.5
Jayvis Rayside,142055,S,BRYANT,1,8,8.0,8.0,124,0,91.7,1,1,0,6,5,0.75
Robert Rhem III,104324,CB,NORFOLK,1,16,8.0,8.0,244,0,93.8,2,2,0,13,3,0.81
Te'Cory Couch,98755,CB,MIAMI FL,1,24,8.0,4.0,220,2,64.6,3,6,1,30,15,1.25
Ryan Calcagno,165299,S,STTHOM,1,16,8.0,3.2,1129,0,53.8,2,5,0,22,13,1.38
Adrian Maddox,160267,CB,ALABAMA ST,1,32,8.0,6.4,105,0,104.2,4,5,0,45,27,1.41
Jaiden Francois,123745,S,UTAH ST,1,16,8.0,5.3,329,0,71.5,2,3,0,10,8,0.63
Davion Maxwell,105908,S,STETSON,1,8,8.0,4.0,302,0,60.4,1,2,0,8,3,1.0
Jonathan McGill,100607,S,SMU,1,8,8.0,4.0,287,0,102.1,1,2,1,9,0,1.13
Jarvis Lee,169997,CB,USF,1,8,8.0,4.0,327,0,79.2,1,2,0,17,3,2.13
Deontae Overstreet,183091,S,W GEORGIA,1,16,8.0,8.0,1177,0,100.0,2,2,0,16,26,1.0
Sam Howard,121351,LB,AUSTINPEAY,1,8,8.0,4.0,116,0,56.3,1,2,0,5,6,0.63
Donyai Taylor,123335,LB,UTSA,1,8,8.0,8.0,331,0,79.2,1,1,0,-1,0,-0.13
Craig Young,101487,LB,KANSAS,1,16,8.0,8.0,198,0,131.3,2,2,1,12,3,0.75
Coryell Pierce,150170,CB,SE LA,1,8,8.0,4.0,294,0,62.5,1,2,0,9,3,1.13
Jalan Gaines,164784,ED,ILL STATE,1,8,8.0,4.0,188,0,93.8,1,2,0,24,5,3.0
Joenel Aguero,173536,CB,GEORGIA,1,16,8.0,5.3,173,0,70.1,2,3,0,9,7,0.56
Zeke Robbins,128244,S,NEVADA,1,8,8.0,8.0,239,0,87.5,1,1,0,5,0,0.63
Emmanuel Gomes,103595,S,RHODE ISLD,1,8,8.0,2.7,274,0,42.4,1,3,0,0,1,0.0
Isaac White,128440,S,WYOMING,1,8,8.0,8.0,351,0,116.7,1,1,0,12,1,1.5
Jalani Williams,99172,S,KENT STATE,1,8,8.0,8.0,201,0,112.5,1,1,0,11,5,1.38
Rex Connors,155292,S,UC DAVIS,1,8,8.0,8.0,322,0,79.2,1,1,0,3,5,0.38
Nick Coates,149169,CB,E ILLINOIS,1,16,8.0,4.0,158,0,56.3,2,4,0,-1,6,-0.06
Tate Hallock,101668,S,W MICHIGAN,1,8,8.0,2.0,347,1,62.5,1,4,1,34,27,4.25
Jordan Hancock,145067,CB,OHIO STATE,1,8,8.0,8.0,260,0,116.7,1,1,0,12,15,1.5
Josh Battle,149841,S,CHATTNOOGA,1,16,8.0,8.0,137,0,89.6,2,2,0,11,8,0.69
Daylan Carnell,146885,S,MISSOURI,1,24,8.0,6.0,229,0,77.1,3,4,0,9,4,0.38
Xavier Nwankpa,156431,S,IOWA,1,8,8.0,8.0,192,0,135.4,1,1,1,7,0,0.88
Caleb Weaver,150298,S,SM HOUSTON,1,8,8.0,8.0,281,0,79.2,1,1,0,2,8,0.25
Marques Mason,109131,S,SACR HEART,1,8,8.0,8.0,280,0,118.8,1,1,0,16,2,2.0
Alex Villas,143236,S,DELAWARE,1,8,8.0,4.0,151,0,116.7,1,2,1,16,0,2.0
Johnathan Youngblood,125280,LB,AIR FORCE,1,8,8.0,8.0,101,0,79.2,1,1,0,2,8,0.25
Glendon Miller,129525,S,MARYLAND,1,31,7.8,5.2,215,1,59.0,4,6,0,59,17,1.9
Cam'Ron Silmon-Craig,150938,S,COLORADO,1,31,7.8,7.8,143,0,102.1,4,4,0,34,26,1.1
Josh Moten,124332,CB,MARSHALL,1,30,7.5,5.0,214,0,72.9,4,6,0,22,23,0.73
Josiah Hardman,169031,CB,TEXAS STHN,1,15,7.5,7.5,313,0,102.1,2,2,0,17,4,1.13
Jamal Potts,123645,S,FIU,1,15,7.5,7.5,166,0,158.3,2,2,1,83,59,5.53
Wyett Ekeler,128411,S,WYOMING,1,15,7.5,5.0,351,0,74.3,2,3,0,12,12,0.8
Ben Perry,144172,S,LOUISVILLE,1,22,7.3,5.5,210,0,104.2,3,4,0,38,22,1.73
Omar Brown,103590,S,NEBRASKA,1,36,7.2,4.5,238,0,66.7,5,8,0,20,11,0.56
Caleb Blake,97240,CB,MO STATE,1,36,7.2,3.3,230,1,14.6,5,11,0,32,18,0.89
Noah Johnston,187035,CB,INDIPA,1,7,7.0,3.5,919,0,62.5,1,2,0,9,3,1.29
Jamond DuBose,63612,S,CITADEL,1,7,7.0,7.0,139,0,79.2,1,1,0,-3,4,-0.43
Wayne Jones,76744,S,CHARLOTTE,1,7,7.0,7.0,136,0,118.8,1,1,0,13,13,1.86
Jireh Wilson,77192,S,UCF,1,7,7.0,7.0,323,0,83.3,1,1,0,4,1,0.57
Michael Anyanwu,83103,CB,UTAH ST,1,7,7.0,7.0,329,0,118.8,1,1,0,14,9,2.0
Jarron Morris,83402,S,FAU,1,7,7.0,7.0,165,0,79.2,1,1,0,-1,0,-0.14
Tyrese Ross,83910,S,SAMFORD,1,7,7.0,7.0,282,0,91.7,1,1,0,6,0,0.86
Malik Dixon-Williams,97520,S,UCONN,1,7,7.0,3.5,146,0,56.3,1,2,0,2,-1,0.29
Terry Jones,97675,S,DOMINION,1,14,7.0,7.0,263,0,100.0,2,2,0,16,4,1.14
Easton Gibbs,97899,LB,WYOMING,1,7,7.0,7.0,351,0,100.0,1,1,0,8,10,1.14
Marcus Banks,98861,S,MISS STATE,1,14,7.0,7.0,227,0,104.2,2,2,0,18,3,1.29
Don Chapman,99721,S,N CAROLINA,1,7,7.0,7.0,245,0,104.2,1,1,0,9,2,1.29
Jalyn Phillips,99751,S,CLEMSON,1,7,7.0,3.5,140,0,60.4,1,2,0,8,4,1.14
Kyler Fisher,101403,S,IOWA,1,14,7.0,2.8,192,0,51.3,2,5,0,19,19,1.36
Robert McDaniel,104268,CB,ALCORN ST,1,7,7.0,2.3,107,0,63.2,1,3,0,24,7,3.43
Anthony LaMonica,105119,S,STHLSK,1,7,7.0,7.0,1470,0,116.7,1,1,0,12,0,1.71
Esaias Guthrie,105959,S,JACKSON ST,1,7,7.0,7.0,194,0,79.2,1,1,0,3,5,0.43
Hosea Knifeley Jr,121353,LB,AUSTINPEAY,1,7,7.0,7.0,116,0,91.7,1,1,0,6,6,0.86
LaMiles Brooks,122470,S,GA TECH,1,7,7.0,7.0,176,0,104.2,1,1,0,9,0,1.29
Tre'Vez Johnson,124383,S,MISSOURI,1,7,7.0,3.5,229,0,64.6,1,2,0,10,0,1.43
Marques Sigle,125305,CB,KANSAS ST,1,14,7.0,4.7,199,0,91.0,2,3,0,24,-1,1.71
Gabe Taylor,129865,S,RICE,1,7,7.0,7.0,275,0,118.8,1,1,0,53,18,7.57
Quinton Cage,139455,S,UTSA,1,7,7.0,7.0,331,0,79.2,1,1,0,-1,1,-0.14
Nic Ware,142271,S,DELAWARE,1,28,7.0,7.0,151,0,118.8,4,4,0,61,17,2.18
Sage Luther,143027,S,COLGATE,1,7,7.0,2.3,142,0,42.4,1,3,0,3,6,0.43
Jibrahn Claude,145691,CB,W GEORGIA,1,7,7.0,7.0,1177,0,118.8,1,1,0,13,7,1.86
Julien Simon,146423,LB,TULSA,1,7,7.0,7.0,320,0,83.3,1,1,0,4,11,0.57
Markevious Brown,146824,CB,PURDUE,1,7,7.0,7.0,273,0,104.2,1,1,0,9,2,1.29
Alan Wright,146971,CB,VANDERBILT,1,7,7.0,7.0,333,0,116.7,1,1,0,12,6,1.71
Kendre' Gant,147163,LB,LA LAFAYET,1,7,7.0,7.0,207,0,79.2,1,1,0,-3,1,-0.43
J.J. Dervil,147445,S,NEW MEX ST,1,7,7.0,7.0,242,0,87.5,1,1,0,5,1,0.71
Trey Harris,148808,S,CORNELL,1,14,7.0,7.0,147,0,91.7,2,2,0,12,0,0.86
Kolbe Benham,149684,S,MARIST,1,7,7.0,7.0,213,0,118.8,1,1,0,17,0,2.43
Ja'Kai Young,150639,CB,GARD-WEBB,1,7,7.0,7.0,171,0,118.8,1,1,0,34,33,4.86
Omar Emmons,155769,S,MS VLY ST,1,7,7.0,3.5,228,0,56.3,1,2,0,6,0,0.86
Alonzo Edwards Jr.,156859,S,TEXAS ST,1,7,7.0,7.0,314,0,87.5,1,1,0,5,8,0.71
Maverick Baranowski,157484,LB,MINNESOTA,1,7,7.0,7.0,225,0,118.8,1,1,0,15,1,2.14
Mansoor Delane,157650,CB,VA TECH,1,7,7.0,3.5,337,0,56.3,1,2,0,3,7,0.43
Trenton Holloway,158145,S,UNLV,1,7,7.0,3.5,325,0,68.8,1,2,0,12,6,1.71
Nick Louis,159954,S,W CAROLINA,1,7,7.0,3.5,344,0,56.3,1,2,0,0,2,0.0
Anthony Quinney,164952,ED,W ILLINOIS,1,7,7.0,3.5,345,0,62.5,1,2,0,9,11,1.29
Jeremiah Scroggins,168123,LB,SW BAPTIST,1,7,7.0,7.0,1492,0,87.5,1,1,0,5,7,0.71
DJ Barksdale,172239,S,JAMES MAD,1,7,7.0,7.0,197,0,131.3,1,1,1,6,0,0.86
Sharrod Burroughs,179052,CB,SCAR STATE,1,7,7.0,3.5,290,0,56.3,1,2,0,5,2,0.71
Zack Helsley,186625,S,MERCYHURST,1,7,7.0,7.0,977,0,118.8,1,1,0,31,35,4.43
Sione Vaki,158505,S,UTAH,1,27,6.8,6.8,328,0,118.8,4,4,0,77,8,2.85
Jayden Williams,145199,S,FAU,1,27,6.8,3.9,165,0,68.8,4,7,0,32,12,1.19
Greedy Vance Jr.,122729,CB,FLORIDA ST,1,20,6.7,6.7,167,0,118.8,3,3,0,48,6,2.4
Tysheem Johnson,146823,CB,OREGON,1,20,6.7,5.0,264,0,86.5,3,4,0,21,9,1.05
Ty Rawls,182314,CB,TARLETON,1,20,6.7,4.0,401,1,25.0,3,5,0,13,14,0.65
Neriyan Brown,143100,S,LAFAYETTE,1,13,6.5,4.3,203,0,109.7,2,3,1,5,0,0.38
Dallas Gant,81352,LB,TOLEDO,1,13,6.5,6.5,316,0,100.0,2,2,0,16,20,1.23
Taj Ward,76583,S,CINCINNATI,1,13,6.5,6.5,138,0,85.4,2,2,0,9,1,0.69
Carson Evans,104870,S,TENN MARTN,1,39,6.5,4.3,310,0,122.9,6,9,1,61,26,1.56
Tre'Vion Green,104559,LB,PRVIEW A&M,1,19,6.3,6.3,270,0,79.2,3,3,0,8,18,0.42
Kam In,110429,CB,STTHOM,1,19,6.3,3.8,1129,0,97.9,3,5,0,55,4,2.89
Josiah Allen,157885,CB,UTEP,1,19,6.3,3.8,330,0,104.2,3,5,0,67,49,3.53
Torren Union,103555,CB,NEW MEX ST,1,25,6.3,6.3,242,0,99.0,4,4,0,31,8,1.24
Jermaine Baker,106018,LB,YALE,1,31,6.2,6.2,352,0,84.2,5,5,0,21,16,0.68
Jordan Riley,145627,S,BALL ST,1,31,6.2,3.9,117,0,121.4,5,8,1,53,25,1.71
DQ Smith,158116,S,S CAROLINA,1,49,6.1,4.1,289,0,137.5,8,12,1,239,101,4.88
Aidan Gousby,157507,S,MINNESOTA,1,6,6.0,6.0,225,0,87.5,1,1,0,5,3,0.83
DJ Gordon IV,101503,LB,USF,1,6,6.0,3.0,327,0,60.4,1,2,0,8,5,1.33
Chris Randle,182807,CB,NAUSTA,1,6,6.0,6.0,1453,0,118.8,1,1,0,40,6,6.67
Thomas Joe-Kamara,97527,S,MONMOUTH,1,6,6.0,6.0,231,0,79.2,1,1,0,3,0,0.5
Tyrone Griffin,102146,LB,LNDNWD,1,6,6.0,6.0,949,0,79.2,1,1,0,2,6,0.33
Kenneth Logan Jr.,97494,S,KANSAS,1,6,6.0,3.0,198,0,60.4,1,2,0,8,5,1.33
Carter Glassmyer,159502,LB,ST FRANCIS,1,6,6.0,6.0,299,0,156.3,1,1,1,12,0,2.0
Mathew Sanchez,175128,S,IDAHO ST,1,6,6.0,3.0,186,1,16.7,1,2,0,3,4,0.5
Justin Parks,147066,S,ARK STATE,1,6,6.0,3.0,113,0,56.3,1,2,0,5,0,0.83
CJ Baskerville,146166,S,TEXAS TECH,1,12,6.0,4.0,315,0,78.5,2,3,0,15,10,1.25
Jerrae Williams,146191,S,UNLV,1,12,6.0,6.0,325,0,118.8,2,2,0,55,15,4.58
Keonta Jenkins,123352,S,VA TECH,1,12,6.0,2.4,337,1,53.8,2,5,1,22,5,1.83
Ike Larsen,146222,S,UTAH ST,1,12,6.0,4.0,329,0,93.8,2,3,0,26,12,2.17
Talique Allen,123441,S,W KENTUCKY,1,6,6.0,3.0,346,0,68.8,1,2,0,12,0,2.0
Josiah Johnson,146355,CB,OREGON ST,1,6,6.0,6.0,265,0,83.3,1,1,0,4,4,0.67
Ta'Shawn James,174672,S,IOWA STATE,1,12,6.0,4.0,193,0,84.0,2,3,0,19,1,1.58
Shiloh Means,64602,S,PENN,1,12,6.0,4.0,267,0,72.9,2,3,0,11,7,0.92
Levi Brown,173846,S,AIR FORCE,1,6,6.0,6.0,101,0,100.0,1,1,0,8,12,1.33
Davon Ferguson,77852,CB,BOWL GREEN,1,6,6.0,6.0,122,0,91.7,1,1,0,6,0,1.0
Ayden Jackson,174147,S,GA SOUTHRN,1,6,6.0,6.0,174,0,118.8,1,1,0,20,9,3.33
Jaden Hicks,146512,S,WASH STATE,1,6,6.0,6.0,341,0,112.5,1,1,0,11,4,1.83
Ron Holmes,138374,S,DELWARE ST,1,18,6.0,6.0,152,0,118.8,3,3,0,40,32,2.22
Carson Willich,157592,S,IOWA STATE,1,6,6.0,6.0,193,0,79.2,1,1,0,2,6,0.33
Trayson Fowler,104245,S,CHARLES SO,1,6,6.0,3.0,135,0,85.4,1,2,0,20,15,3.33
Angelo Grose,129618,S,MICH STATE,1,30,6.0,4.3,223,1,82.4,5,7,1,35,20,1.17
Rashad Wisdom,97249,S,UTSA,1,6,6.0,3.0,331,0,120.8,1,2,1,18,0,3.0
Anthony Wilson,97220,S,W VIRGINIA,1,6,6.0,3.0,343,0,75.0,1,2,0,15,0,2.5
Noah Plack,91394,LB,UCONN,1,6,6.0,6.0,146,0,83.3,1,1,0,4,6,0.67
Jahiem Evans,151334,S,NAUSTA,1,12,6.0,4.0,1453,0,109.7,2,3,0,42,20,3.5
Aubrey Burks,144791,S,W VIRGINIA,1,12,6.0,4.0,343,0,81.3,2,3,0,17,24,1.42
Chazz Harley,105102,S,ELON,1,6,6.0,6.0,162,0,118.8,1,1,0,41,4,6.83
Rett Russell,88520,S,CITADEL,1,12,6.0,6.0,139,0,116.7,2,2,0,24,18,2.0
Dante Trader Jr.,144900,S,MARYLAND,1,6,6.0,6.0,215,0,112.5,1,1,0,11,5,1.83
RJ Williams,149725,S,STETSON,1,6,6.0,3.0,302,0,62.5,1,2,0,9,11,1.5
Camron Ball,149685,S,MARIST,1,6,6.0,6.0,213,0,118.8,1,1,0,20,20,3.33
Taylor Smallwood,159753,CB,LAFAYETTE,1,6,6.0,6.0,203,0,112.5,1,1,0,11,0,1.83
Jack Fairman,148936,LB,PENN,1,6,6.0,6.0,267,0,118.8,1,1,0,14,11,2.33
Marcus Ratcliffe,171575,S,S DIEGO ST,1,6,6.0,6.0,284,0,118.8,1,1,0,14,5,2.33
Devlin Kirklin,138486,S,NEW MEX ST,1,6,6.0,6.0,242,0,104.2,1,1,0,9,14,1.5
Peter Manuma,158178,S,HAWAII,1,6,6.0,6.0,180,0,118.8,1,1,0,17,15,2.83
Daijahn Anthony,147537,S,OLE MISS,1,12,6.0,6.0,226,0,95.8,2,2,0,14,18,1.17
Zach Zimos,99001,LB,LA TECH,1,6,6.0,6.0,208,0,118.8,1,1,0,13,5,2.17
Jack Howell,146020,S,COLO STATE,1,6,6.0,6.0,144,0,108.3,1,1,0,10,4,1.67
Trey Taylor,125278,S,AIR FORCE,1,6,6.0,6.0,101,0,83.3,1,1,0,4,7,0.67
Montrell Campbell,122784,CB,ALAB A&M,1,12,6.0,6.0,104,0,79.2,2,2,0,0,1,0.0
Jacob Hollins,81242,LB,TEMPLE,1,6,6.0,6.0,306,0,79.2,1,1,0,3,5,0.5
Tra Fluellen,102462,S,MIDDLE TN,1,29,5.8,4.1,224,0,135.1,5,7,1,57,33,1.97
Levi Korir,168098,S,SW BAPTIST,1,23,5.8,3.3,1492,0,83.6,4,7,0,57,44,2.48
Sterling Smith,177397,S,HOLY CROSS,1,17,5.7,5.7,181,0,118.8,3,3,0,44,22,2.59
Kalon Gervin,83055,CB,KANSAS,1,17,5.7,3.4,198,0,98.8,3,5,0,56,10,3.29
Matt Lenti,108294,S,DAYTON,1,17,5.7,5.7,150,0,102.8,3,3,0,26,19,1.53
Juan Powell,97330,CB,COAST CAR,1,17,5.7,2.8,141,0,74.3,3,6,0,44,39,2.59
Amari Duncan,141262,CB,UTAHTC,1,17,5.7,5.7,1285,0,118.8,3,3,0,92,77,5.41
Kaleb Almo,159705,S,TENN MARTN,1,17,5.7,5.7,310,0,118.1,3,3,0,37,37,2.18
Jahlil Johnson,164519,LB,ALBANY,1,17,5.7,4.3,106,0,92.7,3,4,0,27,14,1.59
Wrook Brown,150691,CB,WYOMING,1,34,5.7,3.8,351,1,39.8,6,9,0,47,11,1.38
Richie Coffey,105087,CB,MERCER,1,17,5.7,5.7,219,0,108.3,3,3,0,30,12,1.76
Virgil Marshall,163049,CB,W KENTUCKY,1,22,5.5,3.7,346,0,145.8,4,6,1,70,23,3.18
Deon Houston,142546,CB,MERRIMACK,1,11,5.5,5.5,385,0,83.3,2,2,0,8,7,0.73
DeJordan Mask,97611,CB,UCF,1,22,5.5,5.5,323,0,115.6,4,4,0,47,37,2.14
Sayyid Stevens,97909,LB,DOMINION,1,11,5.5,3.7,263,0,74.3,2,3,0,12,16,1.09
Chandler Rivers,156257,CB,DUKE,1,11,5.5,5.5,154,0,79.2,2,2,0,6,4,0.55
Tyler Morton,150110,S,NICHOLLS,1,11,5.5,3.7,243,0,84.0,2,3,0,19,16,1.73
Justin Reilly,142681,S,WAGNER,1,11,5.5,5.5,338,0,118.8,2,2,0,36,24,3.27
Jaylen Key,83413,S,ALABAMA,1,22,5.5,5.5,103,0,111.5,4,4,0,43,22,1.95
Eddie Heckard,63024,CB,BYU,1,11,5.5,5.5,128,0,135.4,2,2,1,14,4,1.27
Mishael Powell,100390,S,WASHINGTON,1,11,5.5,3.7,340,0,109.7,2,3,0,54,3,4.91
Tavian Combs,128258,S,NEW MEXICO,1,11,5.5,5.5,241,0,118.8,2,2,0,48,4,4.36
Ernest Woods III,150833,CB,ALCORN ST,1,11,5.5,5.5,107,0,118.8,2,2,0,62,35,5.64
Easton Mascarenas-Arnold,71410,LB,OREGON ST,1,11,5.5,5.5,265,0,118.8,2,2,0,40,37,3.64
Jace O'Hara,147815,S,SACRAMENTO,1,11,5.5,3.7,279,0,70.1,2,3,0,7,0,0.64
Javan Morgan,101819,S,FL A&M,1,11,5.5,5.5,164,0,79.2,2,2,0,6,16,0.55
Daryion Taylor,160088,S,TXAMCO,1,22,5.5,4.4,1139,0,110.8,4,5,0,53,14,2.41
Ishmel Atkins,159117,S,ELON,1,22,5.5,4.4,162,0,107.5,4,5,0,49,38,2.23
Ike Rowell,145445,S,UAB,1,11,5.5,3.7,321,0,149.3,2,3,1,62,42,5.64
Nikko Reed,146321,CB,OREGON,1,21,5.3,4.2,264,0,83.3,4,5,0,20,11,0.95
Adonis Williams Jr.,164130,S,OHIO,1,21,5.3,4.2,259,0,92.5,4,5,0,31,23,1.48
Jaelen Stokes,144498,S,USF,1,16,5.3,4.0,327,0,95.8,3,4,0,30,17,1.88
DeShon Singleton,156476,S,NEBRASKA,1,16,5.3,5.3,238,0,145.1,3,3,1,28,9,1.75
Chase Wilson,128170,LB,COLO STATE,1,16,5.3,4.0,144,0,93.8,3,4,0,28,10,1.75
Ken Willis,133807,S,CINCINNATI,1,31,5.2,4.4,138,0,118.8,6,7,0,107,72,3.45
Alex Odom,125337,S,TEMPLE,1,5,5.0,5.0,306,0,79.2,1,1,0,2,0,0.4
Keondre Jackson,138208,S,ILL STATE,1,10,5.0,5.0,188,0,158.3,2,2,1,78,74,7.8
Lucas Kozlowski,143158,S,BUTLER,1,5,5.0,5.0,127,0,118.8,1,1,0,14,15,2.8
Don Callis,143600,CB,TROY,1,5,5.0,5.0,318,0,118.8,1,1,0,35,1,7.0
Sean Brown,143986,S,NC STATE,1,10,5.0,5.0,248,0,118.8,2,2,0,54,21,5.4
Preston Zachman,129939,S,WISCONSIN,1,10,5.0,3.3,349,0,88.2,2,3,0,22,5,2.2
Armorion Smith,144238,S,MICH STATE,1,5,5.0,5.0,223,0,158.3,1,1,1,31,34,6.2
Teddye Buchanan,142172,LB,UC DAVIS,1,5,5.0,5.0,322,0,95.8,1,1,0,7,9,1.4
Izaiah Kelley,144364,LB,ABILENE CH,1,5,5.0,5.0,100,0,118.8,1,1,0,16,7,3.2
Sam Cook,141936,ED,SE MO ST,1,5,5.0,2.5,293,0,81.3,1,2,0,18,6,3.6
Abe Camara,144678,S,TCU,1,10,5.0,3.3,305,0,109.0,2,3,0,37,17,3.7
Tate Romney,70946,LB,ARIZONA ST,1,5,5.0,5.0,110,0,91.7,1,1,0,6,1,1.2
Alijah Clark,145141,S,SYRACUSE,1,5,5.0,5.0,304,0,95.8,1,1,0,7,4,1.4
Trey Moore,145527,ED,UTSA,1,5,5.0,2.5,331,0,66.7,1,2,0,11,16,2.2
Cam Smith,145767,S,E MICHIGAN,1,5,5.0,5.0,160,0,108.3,1,1,0,10,2,2.0
Derek Williams Jr.,176189,S,TEXAS,1,5,5.0,2.5,311,0,68.8,1,2,0,12,7,2.4
Ty Myles,145837,CB,N ILLINOIS,1,5,5.0,5.0,254,0,118.8,1,1,0,13,7,2.6
Johnathan Baldwin,146214,S,UNLV,1,10,5.0,5.0,325,0,106.3,2,2,0,19,9,1.9
Kaylin Moore,146320,CB,CAL,1,15,5.0,5.0,130,0,118.8,3,3,0,48,19,3.2
Desmond Tisdol,124006,LB,FAU,1,5,5.0,5.0,165,0,91.7,1,1,0,6,8,1.2
Trey Washington,146822,S,OLE MISS,1,5,5.0,2.5,226,0,95.8,1,2,0,54,4,10.8
Kendel Dolby,173694,CB,OKLAHOMA,1,20,5.0,5.0,261,0,104.2,4,4,0,36,8,1.8
Jordan Favors,147032,S,APP STATE,1,5,5.0,5.0,108,0,118.8,1,1,0,13,9,2.6
Jerrin Thompson,123128,S,TEXAS,1,5,5.0,5.0,311,0,118.8,1,1,0,23,7,4.6
Devonte' Mathews,172777,S,NICHOLLS,1,5,5.0,5.0,243,0,118.8,1,1,0,34,12,6.8
Cameron Broussard,147821,S,SACRAMENTO,1,5,5.0,5.0,279,0,118.8,1,1,0,28,2,5.6
K.J. Cloyd,122699,LB,MIAMI FL,1,5,5.0,5.0,220,0,118.8,1,1,0,14,20,2.8
Christian Sapp,148478,S,VILLANOVA,1,5,5.0,5.0,334,0,112.5,1,1,0,11,0,2.2
Kerion Martin,121739,S,MARSHALL,1,5,5.0,5.0,214,0,100.0,1,1,0,8,0,1.6
Albert Nunes,170596,S,E KENTUCKY,1,25,5.0,4.2,159,0,118.8,5,6,0,87,36,3.48
Darius Sanders,150065,S,INCAR WORD,1,10,5.0,3.3,189,0,70.1,2,3,0,-3,7,-0.3
Seth Verilus,105992,LB,ROB MORRIS,1,5,5.0,2.5,277,0,56.3,1,2,0,3,1,0.6
Luke Herzog,105954,ED,STTHOM,1,5,5.0,5.0,1129,0,87.5,1,1,0,5,3,1.0
Rassie Littlejohn,105907,S,STETSON,1,5,5.0,5.0,302,0,79.2,1,1,0,2,0,0.4
Caleb Mead,105125,CB,NEW HAMP,1,5,5.0,5.0,240,0,118.8,1,1,0,21,14,4.2
Lance Wise Jr.,105109,S,MERCER,1,5,5.0,5.0,219,0,116.7,1,1,0,12,12,2.4
Gregory Reddick,151310,S,N ALABAMA,1,5,5.0,5.0,389,0,79.2,1,1,0,-5,0,-1.0
Eric Ivory Jr.,165145,S,SE MO ST,1,5,5.0,5.0,293,0,87.5,1,1,0,5,1,1.0
Isaiah Williams,155940,CB,HOUCHR,1,10,5.0,3.3,183,0,85.4,2,3,0,20,3,2.0
Aamaris Brown,156213,CB,USF,1,5,5.0,2.5,327,0,95.8,1,2,1,2,3,0.4
Azareye'h Thomas,156277,CB,FLORIDA ST,1,5,5.0,5.0,167,0,118.8,1,1,0,25,11,5.0
Donald Clay,97488,CB,SE LA,1,10,5.0,5.0,294,0,118.8,2,2,0,25,3,2.5
Damien Miller,97509,S,UAB,1,5,5.0,5.0,321,0,118.8,1,1,0,15,9,3.0
Bryce Boettcher,163288,LB,OREGON,1,5,5.0,5.0,264,0,118.8,1,1,0,21,18,4.2
Emmanuel McNeil-Warren,163155,S,TOLEDO,1,5,5.0,2.5,316,1,56.3,1,2,0,31,2,6.2
Sonny Styles,162876,S,OHIO STATE,1,5,5.0,5.0,260,0,116.7,1,1,0,12,2,2.4
Kyle Louis,162770,LB,PITTSBURGH,1,10,5.0,5.0,268,0,83.3,2,2,0,8,18,0.8
Rich Miller,97709,LB,KANSAS,1,5,5.0,2.5,198,0,72.9,1,2,0,14,9,2.8
Malik Spencer,158397,S,MICH STATE,1,5,5.0,5.0,223,0,118.8,1,1,0,22,22,4.4
Devyn Bobby,158551,S,BAYLOR,1,5,5.0,2.5,118,0,127.1,1,2,1,21,9,4.2
Jamel Johnson,162115,CB,CHARLES SO,1,5,5.0,5.0,135,0,158.3,1,1,1,32,0,6.4
Eugene Asante,99748,LB,AUBURN,1,5,5.0,2.5,115,0,68.8,1,2,0,12,4,2.4
Millard Bradford,99504,S,TCU,1,5,5.0,5.0,305,0,79.2,1,1,0,2,0,0.4
Nick Peltekian,159777,S,LEHIGH,1,5,5.0,5.0,205,0,79.2,1,1,0,0,1,0.0
Cole Hildebrand,54051,S,DAYTON,1,5,5.0,2.5,150,0,131.3,1,2,1,23,1,4.6
De'Arre McDonald,123572,CB,MIDDLE TN,1,34,4.9,3.4,224,0,124.6,7,10,1,74,63,2.18
Quadir Lockett-Smith,165809,CB,SO UTAH,1,44,4.9,4.4,298,0,140.8,9,10,1,98,60,2.23
Javon McIntyre,144029,S,PITTSBURGH,1,24,4.8,4.0,268,0,118.8,5,6,0,94,30,3.92
Kourtlan Marsh,139078,S,SAMFORD,1,14,4.7,3.5,282,0,116.7,3,4,0,55,23,3.93
Phillip Dunnam,156406,S,INDIANA,1,14,4.7,2.3,190,0,83.3,3,6,0,57,19,4.07
Darius Bruce,186997,CB,INDIPA,1,23,4.6,2.9,919,0,133.9,5,8,2,77,13,3.35
Ed Dennis,160328,S,CAMPBELL,1,9,4.5,4.5,131,0,102.1,2,2,0,17,8,1.89
Jimmy Ciarlo,121563,LB,ARMY,1,9,4.5,4.5,114,0,95.8,2,2,0,14,14,1.56
Micah Davey,150093,LB,MCNEESE,1,9,4.5,4.5,217,0,79.2,2,2,0,5,10,0.56
Marquis Mauney,186647,CB,MERCYHURST,1,9,4.5,3.0,977,0,104.9,2,3,0,34,9,3.78
DeJuan Lewis,168462,S,PRVIEW A&M,1,9,4.5,4.5,270,0,102.1,2,2,0,17,15,1.89
Maximus Pulley,156648,S,WOFFORD,1,9,4.5,4.5,350,0,87.5,2,2,0,10,16,1.11
Arthur Hamlin,102163,S,COLGATE,1,9,4.5,3.0,142,0,71.5,2,3,0,10,9,1.11
Evan Williams,73864,S,OREGON,1,9,4.5,4.5,264,0,83.3,2,2,0,8,1,0.89
Lee Campbell,159966,S,W CAROLINA,1,9,4.5,3.0,344,0,79.9,2,3,0,16,15,1.78
Edwin White-Schultz,144583,S,N ALABAMA,1,9,4.5,3.0,389,0,102.1,2,3,0,32,21,3.56
Tykee Smith,99500,S,GEORGIA,1,18,4.5,3.6,173,0,129.6,4,5,1,28,15,1.56
Cail Jackson,160250,S,ALABAMA ST,1,9,4.5,4.5,105,0,118.8,2,2,0,27,19,3.0
Cecil Singleton Jr.,76760,S,LA TECH,1,9,4.5,4.5,208,0,118.8,2,2,0,36,5,4.0
Cameron Epps,157809,S,OKLA STATE,1,22,4.4,3.1,262,0,113.4,5,7,0,87,36,3.95
Isaiah Downes,139540,S,SM HOUSTON,1,22,4.4,4.4,281,0,118.8,5,5,0,81,45,3.68
Lavarius Heath-Lewis,153126,S,STANKN,1,13,4.3,4.3,1455,0,118.1,3,3,0,37,20,2.85
Mike Sainristil,97180,CB,MICHIGAN,1,13,4.3,4.3,222,1,118.8,3,3,1,88,64,6.77
Tyrone Lewis Jr.,147159,S,LA LAFAYET,1,13,4.3,4.3,207,0,90.3,3,3,0,17,7,1.31
Jaren Banks,129840,LB,E WASHGTON,1,13,4.3,4.3,161,0,101.4,3,3,0,25,20,1.92
Andre Sam,89166,S,LSU,1,13,4.3,4.3,211,0,98.6,3,3,0,23,30,1.77
Justin Barron,123032,S,SYRACUSE,1,17,4.3,2.8,304,1,30.6,4,6,0,16,25,0.94
Jack Powers,81332,ED,E CAROLINA,1,4,4.0,4.0,156,0,79.2,1,1,0,0,3,0.0
Daylan Long,145825,LB,NORFOLK,1,4,4.0,2.0,244,0,83.3,1,2,0,19,0,4.75
Kameron Rocha,147808,S,SACRAMENTO,1,4,4.0,4.0,279,0,79.2,1,1,0,3,0,0.75
Wendell McClain,176891,S,GARD-WEBB,1,4,4.0,4.0,171,0,79.2,1,1,0,0,3,0.0
Boogsie Silvera,147936,S,MCNEESE,1,4,4.0,4.0,217,0,112.5,1,1,0,11,13,2.75
Todric McGee,148117,S,MO STATE,1,4,4.0,4.0,230,0,116.7,1,1,0,12,6,3.0
Jasper Williams,122661,LB,LA LAFAYET,1,4,4.0,4.0,207,0,118.8,1,1,0,16,5,4.0
Jaden Milliner-Jones,171902,CB,COLORADO,1,4,4.0,4.0,143,0,100.0,1,1,0,8,7,2.0
Tkai Lloyd,122108,CB,STF AUSTIN,1,12,4.0,4.0,301,0,79.2,3,3,0,-1,2,-0.08
Amir Abdullah,171413,ED,ILL STATE,1,4,4.0,4.0,188,0,104.2,1,1,0,9,-1,2.25
Mitchell Gonser,148904,LB,HARVARD,1,4,4.0,4.0,179,0,83.3,1,1,0,4,0,1.0
Osize Daniyan,177501,S,YALE,1,4,4.0,2.0,352,0,56.3,1,2,0,3,5,0.75
Mose Phillips III,129334,S,VA TECH,1,4,4.0,4.0,337,0,83.3,1,1,0,4,4,1.0
Drew Carter,158954,S,E WASHGTON,1,4,4.0,4.0,161,0,108.3,1,1,0,10,4,2.5
Brandon Cisse,170368,S,NC STATE,1,4,4.0,4.0,248,0,91.7,1,1,0,6,2,1.5
Tyreese Shakir,73488,S,PORTLAND,1,12,4.0,4.0,269,0,158.3,3,3,1,69,36,5.75
Kenny Churchwell III,83419,S,UCLA,1,4,4.0,4.0,324,0,95.8,1,1,0,7,0,1.75
Beau Brade,129499,S,MARYLAND,1,8,4.0,2.7,215,0,126.4,2,3,1,21,13,2.63
Rickey Smith,145122,S,MIDDLE TN,1,4,4.0,4.0,224,0,95.8,1,1,0,7,8,1.75
Joe Andreessen,108177,LB,BUFFALO,1,4,4.0,4.0,126,0,112.5,1,1,0,11,12,2.75
Bryson Washington,83468,LB,W KENTUCKY,1,4,4.0,4.0,346,0,100.0,1,1,0,8,9,2.0
Desmond Harrod,106196,S,ST FRANCIS,1,12,4.0,3.0,299,0,88.5,3,4,0,23,19,1.92
Mikai Gbayor,145013,LB,NEBRASKA,1,4,4.0,2.0,238,0,77.1,1,2,0,16,5,4.0
Amon Scarbrough,150316,S,ALABAMA ST,1,4,4.0,2.0,105,0,56.3,1,2,0,4,2,1.0
Victor Tademy,105965,S,SE LA,1,4,4.0,2.0,294,0,56.3,1,2,0,0,0,0.0
Kameron Brown,99007,LB,CHATTNOOGA,1,4,4.0,4.0,137,0,83.3,1,1,0,4,4,1.0
Donovan Manuel,87272,LB,FIU,1,4,4.0,4.0,166,0,118.8,1,1,0,14,0,3.5
Cooper DeVeau,105934,CB,BROWN,1,4,4.0,4.0,123,0,104.2,1,1,0,9,10,2.25
Semaj Verner,87849,CB,UC DAVIS,1,16,4.0,3.2,322,0,93.3,4,5,0,32,18,2.0
Chris Fagan,178845,S,MS VLY ST,1,4,4.0,4.0,228,0,158.3,1,1,1,16,0,4.0
Jonas Sanker,151097,S,VIRGINIA,1,16,4.0,2.3,335,0,121.4,4,7,1,54,9,3.38
Morice Blackwell Jr.,144733,LB,TEXAS,1,4,4.0,2.0,311,0,56.3,1,2,0,3,2,0.75
Kesean Dyson,151297,LB,ST FRANCIS,1,4,4.0,4.0,299,0,79.2,1,1,0,-1,2,-0.25
Anthony Mackey,186643,S,MERCYHURST,1,8,4.0,4.0,977,0,147.9,2,2,1,20,2,2.5
Collin Oliver,144664,LB,OKLA STATE,1,4,4.0,4.0,262,0,118.8,1,1,0,15,9,3.75
Dorian Plumley,144634,S,ABILENE CH,1,20,4.0,4.0,100,0,147.1,5,5,1,49,15,2.45
Rod Heard II,97237,CB,NWESTERN,1,16,4.0,4.0,256,0,118.8,4,4,0,56,5,3.5
Dell Pettus,97290,S,TROY,1,16,4.0,2.7,318,0,79.9,4,6,0,32,29,2.0
David Gbenda,99370,LB,TEXAS,1,8,4.0,4.0,311,0,85.4,2,2,0,9,7,1.13
Jeremy Smith,97328,LB,W GEORGIA,1,8,4.0,4.0,1177,0,106.3,2,2,0,19,0,2.38
Justin Whiteside,104220,LB,C MICHIGAN,1,4,4.0,2.0,134,0,77.1,1,2,0,16,18,4.0
Austin Edmonds,142069,LB,BRYANT,1,4,4.0,2.0,124,0,56.3,1,2,0,5,0,1.25
JJ Johnson,156702,S,GA STATE,1,8,4.0,2.7,175,0,78.5,2,3,0,15,10,1.88
Khalib Johns,130494,LB,KENT STATE,1,4,4.0,4.0,201,0,118.8,1,1,0,33,32,8.25
Jaden Dolphin,130547,LB,N ILLINOIS,1,4,4.0,2.0,254,0,68.8,1,2,0,12,12,3.0
Hugh Kelly,101838,S,HOLY CROSS,1,4,4.0,2.0,181,0,56.3,1,2,0,3,0,0.75
Jihaad Campbell,157013,LB,ALABAMA,1,4,4.0,4.0,103,0,116.7,1,1,0,12,4,3.0
Josh Minkins,66051,S,LOUISVILLE,1,4,4.0,4.0,210,0,158.3,1,1,1,30,0,7.5
Taylen Blaylock,139537,S,LNDNWD,1,8,4.0,4.0,949,0,133.3,2,2,1,13,12,1.63
Jakobi Robinson,160270,S,ALABAMA ST,1,4,4.0,4.0,105,0,118.8,1,1,0,30,4,7.5
Macen Williams,131634,CB,ARIZONA ST,1,4,4.0,4.0,110,0,118.8,1,1,0,14,23,3.5
Jamal Hill,100609,LB,OREGON,1,4,4.0,4.0,264,0,112.5,1,1,0,11,0,2.75
Brandon Johnson,143858,CB,DUKE,1,8,4.0,2.7,154,0,70.1,2,3,0,-1,4,-0.13
Michael Merriweather,186549,CB,W GEORGIA,1,8,4.0,4.0,1177,0,158.3,2,2,1,32,10,4.0
Bryce Houston,77265,LB,OHIO,1,4,4.0,2.0,259,0,56.3,1,2,0,6,8,1.5
Foday Jalloh,79587,LB,LAMAR,1,4,4.0,4.0,204,0,87.5,1,1,0,5,0,1.25
Isaac Rollins,124843,CB,HARVARD,1,4,4.0,4.0,179,0,95.8,1,1,0,7,2,1.75
Chancellor Hitchens,123481,S,NICHOLLS,1,4,4.0,4.0,243,0,83.3,1,1,0,4,4,1.0
Trevor Woods,146324,S,COLORADO,1,4,4.0,4.0,143,0,91.7,1,1,0,6,8,1.5
Ryan Selig,77254,LB,MINNESOTA,1,4,4.0,4.0,225,0,87.5,1,1,0,5,4,1.25
Chayce Chalmers,99817,S,STNY BROOK,1,4,4.0,4.0,303,0,116.7,1,1,0,12,8,3.0
Jaylon Scott,99771,LB,NC STATE,1,8,4.0,4.0,248,0,133.3,2,2,1,13,6,1.63
Caden Sullivan,147035,LB,APP STATE,1,4,4.0,4.0,108,0,79.2,1,1,0,1,3,0.25
K.C. Ossai,147158,LB,LA LAFAYET,1,4,4.0,2.0,207,0,83.3,1,2,0,19,1,4.75
CJ Allen,173539,LB,GEORGIA,1,4,4.0,4.0,173,0,79.2,1,1,0,3,8,0.75
Aaron Casey,81245,LB,INDIANA,1,4,4.0,2.0,190,0,56.3,1,2,0,0,3,0.0
Vai Kaho,128304,LB,S DIEGO ST,1,4,4.0,4.0,284,0,118.8,1,1,0,37,38,9.25
Brycen Edwards,159774,LB,LEHIGH,1,19,3.8,3.8,205,0,136.3,5,5,1,36,33,1.89
Romeo Wykle,89155,S,CHATTNOOGA,1,49,3.8,3.1,137,0,94.3,13,16,0,106,123,2.16
Kory Chapman,121344,S,AUSTINPEAY,1,15,3.8,3.8,116,0,93.8,4,4,0,26,20,1.73
Will Perez,108156,S,PRINCETON,1,23,3.8,3.3,272,0,79.2,6,7,0,17,17,0.74
Justin Sanchez,169175,LB,COLO STATE,1,11,3.7,3.7,144,0,158.3,3,3,1,60,46,5.45
Irshaad Davis,101768,S,TROY,1,11,3.7,2.8,318,0,151.0,3,4,1,45,24,4.09
Alex Branch,145781,S,KENT STATE,1,11,3.7,2.8,201,0,156.3,3,4,1,64,12,5.82
Bryce Llewellyn,162120,S,CHARLES SO,1,11,3.7,2.8,135,0,140.6,3,4,1,35,8,3.18
Tamarion McDonald,124290,S,TENNESSEE,1,22,3.7,3.1,307,1,53.3,6,7,0,44,20,2.0
Devon Williams,144984,LB,MINNESOTA,1,14,3.5,3.5,225,0,149.0,4,4,1,41,12,2.93
Gavin Gibson,156453,CB,MARYLAND,1,7,3.5,3.5,215,0,118.8,2,2,0,28,9,4.0
Darion Bolden,63094,S,LNDNWD,1,7,3.5,3.5,949,0,100.0,2,2,0,16,12,2.29
Nic Cheeley,104225,S,E KENTUCKY,1,14,3.5,3.5,159,0,158.3,4,4,1,54,25,3.86
Cale Williams,161890,S,CITADEL,1,7,3.5,3.5,139,0,93.8,2,2,0,13,3,1.86
Joe Casale,79150,LB,ROB MORRIS,1,7,3.5,3.5,277,0,79.2,2,2,0,1,3,0.14
O.J. Burroughs,144581,S,KANSAS,1,7,3.5,1.8,198,0,60.4,2,4,0,16,1,2.29
Jaden Dugger,162137,S,GEORGETOWN,1,7,3.5,2.3,172,0,70.1,2,3,0,6,9,0.86
Jayden McDonald,81249,LB,TROY,1,7,3.5,2.3,318,0,109.7,2,3,0,44,37,6.29
Chris Edmonds,105737,S,ARIZONA ST,1,14,3.5,2.8,110,0,115.0,4,5,0,58,48,4.14
Marcus Williams,145407,S,RICE,1,7,3.5,3.5,275,0,102.1,2,2,0,17,7,2.43
Dominic Morris,149914,CB,COLO STATE,1,17,3.4,3.4,144,0,86.7,5,5,0,24,28,1.41
Greg Rubin,144280,S,MEMPHIS,1,17,3.4,2.4,218,0,107.4,5,7,0,77,42,4.53
Grant Ewell Jr.,167003,S,ARKAPB,1,20,3.3,2.9,112,0,131.3,6,7,1,42,39,2.1
D'Marcus Harrington,122296,S,CAMPBELL,1,13,3.3,3.3,131,0,99.0,4,4,0,31,11,2.38
Cam'Ron Kelly,99827,S,LOUISVILLE,1,10,3.3,3.3,210,0,128.5,3,3,1,16,10,1.6
Jourdan Thomas,163774,CB,TENNESSEE,1,10,3.3,3.3,307,0,150.7,3,3,1,32,17,3.2
Dorian Friend,162506,CB,HOUSTON,1,10,3.3,3.3,182,0,86.1,3,3,0,14,16,1.4
Kevin Jamerson,182804,CB,NAUSTA,1,16,3.2,3.2,1453,0,147.9,5,5,1,50,26,3.13
Brendan Bell,142391,LB,VILLANOVA,1,3,3.0,3.0,334,0,118.8,1,1,0,13,19,4.33
DeShawn Page,146838,LB,MISS STATE,1,3,3.0,3.0,227,0,100.0,1,1,0,8,10,2.67
Kailep Edwards,156745,LB,LA LAFAYET,1,3,3.0,1.5,207,0,56.3,1,2,0,6,1,2.0
Tyson Pottenger,147668,S,MONTANA ST,1,3,3.0,3.0,233,0,104.2,1,1,0,9,4,3.0
Jeff Roberson,122986,LB,OKLA STATE,1,3,3.0,3.0,262,0,118.8,1,1,0,13,8,4.33
Devin Haskins,101837,CB,HOLY CROSS,1,12,3.0,2.0,181,0,70.1,4,6,0,15,23,1.25
Marcellas Dial,146902,CB,S CAROLINA,1,3,3.0,3.0,289,0,108.3,1,1,0,10,1,3.33
Daylen Everette,157079,CB,GEORGIA,1,3,3.0,3.0,173,0,79.2,1,1,0,1,0,0.33
AJ Thomas,101828,S,GARD-WEBB,1,6,3.0,3.0,171,0,95.8,2,2,0,14,13,2.33
Will Middleton,159512,LB,ST FRANCIS,1,3,3.0,3.0,299,0,112.5,1,1,0,11,14,3.67
Mike Smith Jr.,157400,LB,BAYLOR,1,3,3.0,3.0,118,0,118.8,1,1,0,17,11,5.67
Tim Coutras,147546,S,TENN TECH,1,3,3.0,3.0,309,0,87.5,1,1,0,5,8,1.67
Junior Wily,159525,S,WAGNER,1,6,3.0,3.0,338,0,118.8,2,2,0,47,21,7.83
Brendan Tighe,142340,S,NEW HAMP,1,3,3.0,3.0,240,0,118.8,1,1,0,22,11,7.33
Nick Hoying,171958,LB,BUCKNELL,1,3,3.0,3.0,125,0,118.8,1,1,0,14,13,4.67
Perry Fisher,162792,CB,MARYLAND,1,3,3.0,3.0,215,0,83.3,1,1,0,4,0,1.33
Treyveon McGee,157596,S,IOWA STATE,1,3,3.0,3.0,193,0,95.8,1,1,0,7,0,2.33
Patrick McMorris,101309,S,CAL,1,3,3.0,3.0,130,0,158.3,1,1,1,13,14,4.33
Demetrios Walker II,132316,ED,MCNEESE,1,3,3.0,3.0,217,0,79.2,1,1,0,2,0,0.67
Elijah Deravil,162618,S,TEMPLE,1,6,3.0,1.2,306,0,87.5,2,5,1,15,0,2.5
Christian Sweeney,143035,LB,COLGATE,1,3,3.0,3.0,142,0,108.3,1,1,0,10,2,3.33
Logan Jones,149414,S,LEHIGH,1,3,3.0,3.0,205,0,104.2,1,1,0,9,12,3.0
Kobe Hylton,109237,S,UTEP,1,3,3.0,1.5,330,0,62.5,1,2,0,9,9,3.0
Marco Notarainni,73389,LB,BOISE ST,1,3,3.0,3.0,120,0,87.5,1,1,0,5,0,1.67
Kendal Daniels,144668,S,OKLA STATE,1,9,3.0,2.3,262,0,77.1,3,4,0,12,1,1.33
Delano Franklin,170641,CB,CAL POLY,1,6,3.0,3.0,129,0,158.3,2,2,1,26,16,4.33
Rico Dozier,153946,LB,ARKAPB,1,3,3.0,3.0,112,0,83.3,1,1,0,4,0,1.33
Mason Stromstad,179019,LB,SO UTAH,1,3,3.0,1.5,298,0,58.3,1,2,0,7,1,2.33
Chester Fearon,154578,CB,WESTFL,1,3,3.0,3.0,1269,0,91.7,1,1,0,6,0,2.0
Dan Foster Jr.,98123,LB,TEXAS ST,1,3,3.0,3.0,314,0,108.3,1,1,0,10,12,3.33
Chris Hunter Jr.,104585,LB,TENN MARTN,1,3,3.0,3.0,310,0,79.2,1,1,0,2,1,0.67
David Daniel-Sisavanh,146723,S,GEORGIA,1,6,3.0,3.0,173,0,95.8,2,2,0,14,8,2.33
Eric Folau,180150,LB,WESTFL,1,3,3.0,3.0,1269,0,108.3,1,1,0,10,7,3.33
Charlie Newton,171129,LB,COLUMBIA,1,3,3.0,3.0,145,0,87.5,1,1,0,5,0,1.67
Markeith Montgomery,79193,S,KENNESAW,1,6,3.0,2.0,200,0,91.0,2,3,0,24,6,4.0
Brevin Czosnyka,164416,S,N ARIZONA,1,6,3.0,3.0,252,0,133.3,2,2,1,13,1,2.17
Jason Johnson,104514,LB,UCF,1,3,3.0,3.0,323,0,91.7,1,1,0,6,2,2.0
Chase Alexander,143336,CB,MS VLY ST,1,6,3.0,3.0,228,0,118.8,2,2,0,46,8,7.67
Devin Lemear,144522,S,BAYLOR,1,3,3.0,3.0,118,0,118.8,1,1,0,16,6,5.33
Amechi Ofili,182707,CB,TARLETON,1,9,3.0,2.3,401,0,116.7,3,4,0,68,8,7.56
Dillon Williams,164234,S,CENT ARK,1,6,3.0,3.0,132,0,118.8,2,2,0,55,0,9.17
Steven Ward,148118,LB,MO STATE,1,3,3.0,3.0,230,0,91.7,1,1,0,6,8,2.0
Rylan Woods,141780,LB,ARKAPB,1,3,3.0,3.0,112,0,79.2,1,1,0,3,1,1.0
Aman Greenwood,99753,S,SYRACUSE,1,3,3.0,3.0,304,0,158.3,1,1,1,80,46,26.67
Caleb Phillips,159346,LB,HARVARD,1,6,3.0,3.0,179,0,97.9,2,2,0,15,16,2.5
Arsheen Jiles,142101,CB,SACR HEART,1,3,3.0,1.5,280,0,56.3,1,2,0,-3,0,-1.0
Fred Perry,163971,S,JVILLE ST,1,3,3.0,3.0,196,0,118.8,1,1,0,13,13,4.33
Quincy Bryant,144181,LB,WAKE,1,3,3.0,3.0,339,0,118.8,1,1,0,38,14,12.67
Max Melton,129889,CB,RUTGERS,1,3,3.0,3.0,278,0,158.3,1,1,1,18,0,6.0
Aubrey Parker,148644,S,BROWN,1,6,3.0,2.0,123,0,127.8,2,3,1,22,10,3.67
Lewis Matthews,102116,LB,GRAMBLING,1,3,3.0,3.0,177,0,79.2,1,1,0,0,-1,0.0
Jayden Goodwin,125269,S,AIR FORCE,1,6,3.0,3.0,101,0,118.8,2,2,0,47,3,7.83
Ethan Royer,108082,LB,BROWN,1,3,3.0,3.0,123,1,52.1,1,1,0,6,8,2.0
Will Leota,150201,LB,UTAHTC,1,3,3.0,3.0,1285,0,100.0,1,1,0,8,2,2.67
Kalib Perry,86267,LB,TENNESSEE,1,3,3.0,3.0,307,0,91.7,1,1,0,6,9,2.0
Jagger Williams,150226,S,UTAHTC,1,3,3.0,3.0,1285,0,158.3,1,1,1,36,10,12.0
Devin Johnson,158014,CB,MIAMI OH,1,3,3.0,3.0,221,0,79.2,1,1,0,-1,0,-0.33
Jalen Cheek,143820,CB,BOSTON COL,1,3,3.0,3.0,121,0,158.3,1,1,1,55,15,18.33
Nick Jackson,98640,LB,IOWA,1,6,3.0,2.0,192,0,70.1,2,3,0,0,1,0.0
LT Overton,158667,ED,TEXAS A&M,1,3,3.0,3.0,312,0,79.2,1,1,0,-2,1,-0.67
Josiah Cotton,139066,LB,SAMFORD,1,3,3.0,3.0,282,0,158.3,1,1,1,47,17,15.67
Jalen Jordan,98885,S,S ALABAMA,1,6,3.0,3.0,288,0,118.8,2,2,0,26,9,4.33
Ezriel Vasquez,159063,S,PORTLAND,1,3,3.0,3.0,269,0,152.1,1,1,1,11,0,3.67
Max Oxendine,88378,S,NEW HAMP,1,6,3.0,3.0,240,0,118.8,2,2,0,70,22,11.67
Matthew Myles,178851,ED,MS VLY ST,1,3,3.0,3.0,228,0,83.3,1,1,0,4,0,1.33
Brandon Tyson,159102,LB,ELON,1,3,3.0,3.0,162,0,118.8,1,1,0,19,16,6.33
Charlie Bless,143164,LB,BUTLER,1,3,3.0,3.0,127,0,79.2,1,1,0,-5,0,-1.67
Cornell Wheeler,129603,LB,KANSAS,1,3,3.0,1.5,198,0,60.4,1,2,0,8,2,2.67
Jalen Miller,104876,LB,FURMAN,1,3,3.0,3.0,170,0,112.5,1,1,0,11,17,3.67
Dylan Tooker,173920,S,STF AUSTIN,1,3,3.0,3.0,301,0,158.3,1,1,1,78,57,26.0
Kyle Coffindaffer,108283,S,MARIST,1,3,3.0,3.0,213,0,91.7,1,1,0,6,8,2.0
Chandler Perry,178604,CB,CHARLES SO,1,9,3.0,2.3,135,0,116.7,3,4,0,55,21,6.11
Kaleb Ford-Dement,100670,CB,TEXAS ST,1,3,3.0,3.0,314,0,116.7,1,1,0,12,12,4.0
Nikia Eason Jr.,81426,ED,UAB,1,3,3.0,3.0,321,0,95.8,1,1,0,7,12,2.33
Kellen Curtis,168076,S,SW BAPTIST,1,3,3.0,3.0,1492,0,118.8,1,1,0,23,26,7.67
Travis Pearson II,167124,CB,PRVIEW A&M,1,3,3.0,3.0,270,0,87.5,1,1,0,5,0,1.67
Caleb Williams,159815,S,FURMAN,1,3,3.0,3.0,170,0,79.2,1,1,0,0,1,0.0
Nikhai Hill-Green,129582,LB,CHARLOTTE,1,3,3.0,3.0,136,0,118.8,1,1,0,32,9,10.67
Norey Johnson,167110,S,GRAMBLING,1,6,3.0,2.0,177,0,145.8,2,3,1,35,9,5.83
Devin Nicholson,99021,LB,KENT STATE,1,8,2.7,2.0,201,0,111.5,3,4,0,45,31,5.63
Caine Savage,131876,S,NEVADA,1,8,2.7,2.7,239,0,102.8,3,3,0,26,22,3.25
Caleb Woodson,174805,S,VA TECH,1,8,2.7,2.7,337,0,102.8,3,3,0,26,24,3.25
Tahj Chambers,122740,LB,MO STATE,1,8,2.7,2.0,230,0,77.1,3,4,0,8,14,1.0
Jonathan Jean,168457,S,RICE,1,18,2.6,2.3,275,0,138.0,7,8,1,61,22,3.39
Patrick Day,100299,S,BOWL GREEN,1,5,2.5,2.5,122,0,158.3,2,2,1,30,3,6.0
Danny Uluilakepa,147674,LB,MONTANA ST,1,5,2.5,2.5,233,0,79.2,2,2,0,2,11,0.4
Wayne Galloway,142347,LB,RICHMOND,1,5,2.5,2.5,276,0,110.4,2,2,0,21,2,4.2
Jaylen Stanford,101861,CB,PRVIEW A&M,1,5,2.5,2.5,270,0,93.8,2,2,0,13,19,2.6
Ryan Ruane,149422,S,HOLY CROSS,1,5,2.5,2.5,181,0,102.1,2,2,0,17,23,3.4
Braxton Clark,83319,CB,USF,1,5,2.5,2.5,327,0,118.8,2,2,0,30,20,6.0
Alfahiym Walcott,122284,S,ARKANSAS,1,5,2.5,2.5,111,0,95.8,2,2,0,14,1,2.8
Cale Sanders Jr.,146036,CB,SMU,1,5,2.5,2.5,287,0,108.3,2,2,0,20,15,4.0
Kadari Machen,164673,S,PENN,1,5,2.5,2.5,267,0,158.3,2,2,1,45,9,9.0
Caleb Spann,145742,S,C MICHIGAN,1,5,2.5,2.5,134,0,83.3,2,2,0,8,16,1.6
Jack Smiechowski,159264,LB,COLUMBIA,1,10,2.5,2.0,145,0,97.5,4,5,0,37,17,3.7
R.J. Mickens,122153,S,CLEMSON,1,5,2.5,2.5,140,0,137.5,2,2,1,15,1,3.0
Da'Marcus Crosby II,170496,S,SM HOUSTON,1,12,2.4,2.4,281,0,158.3,5,5,1,86,82,7.17
Grant Jackson,142553,CB,MERRIMACK,1,7,2.3,2.3,385,0,118.8,3,3,0,52,55,7.43
Makell Esteen,131892,S,WASHINGTON,1,9,2.3,2.3,340,0,118.8,4,4,0,64,14,7.11
CJ Harris,121524,LB,KENT STATE,1,7,2.3,2.3,201,0,118.8,3,3,0,48,36,6.86
Tywan Francis,75909,S,TEMPLE,1,9,2.3,2.3,306,0,158.3,4,4,1,51,29,5.67
Drew Francis,121804,LB,MIDDLE TN,1,2,2.0,2.0,224,0,118.8,1,1,0,15,9,7.5
Simeon Blair,83139,S,MEMPHIS,1,6,2.0,2.0,218,0,83.3,3,3,0,12,8,2.0
Jaden Lyles,164028,S,AUSTINPEAY,1,2,2.0,1.0,116,0,112.5,1,2,1,14,1,7.0
Corey Flagg,122212,LB,MIAMI FL,1,2,2.0,2.0,220,0,104.2,1,1,0,9,12,4.5
Eli'jah Winston,81983,ED,NEVADA,1,2,2.0,2.0,239,0,79.2,1,1,0,0,1,0.0
Sedric Applewhite,160202,ED,MCNEESE,1,2,2.0,2.0,217,0,79.2,1,1,0,1,0,0.5
Tyler Grubbs,122674,LB,TULANE,1,2,2.0,2.0,319,0,118.8,1,1,0,20,14,10.0
DeAndre Byrd,108343,LB,SACR HEART,1,2,2.0,2.0,280,0,158.3,1,1,1,17,0,8.5
Keli Lawson,144087,LB,VA TECH,1,4,2.0,2.0,337,0,114.6,2,2,0,23,11,5.75
Brendan Pacheco,109805,S,MARIST,1,2,2.0,2.0,213,0,95.8,1,1,0,7,8,3.5
Xavier Billingsley,120853,LB,ALAB A&M,1,2,2.0,2.0,104,0,118.8,1,1,0,15,0,7.5
Jackson Lataimua,131939,S,WASH STATE,1,6,2.0,2.0,341,0,88.9,3,3,0,16,1,2.67
David Leach,169163,ED,LINCOK,1,4,2.0,1.3,1452,0,75.7,2,3,0,13,18,3.25
Keyshaun Elliott,156945,LB,NEW MEX ST,1,2,2.0,2.0,242,0,79.2,1,1,0,1,7,0.5
Kane Patterson,99729,LB,VANDERBILT,1,2,2.0,2.0,333,0,104.2,1,1,0,9,4,4.5
Demari Henderson,158440,S,UCF,1,4,2.0,2.0,323,0,89.6,2,2,0,11,3,2.75
Dickson Agu,169971,LB,TULANE,1,2,2.0,2.0,319,0,118.8,1,1,0,26,10,13.0
Aaron Webb,149255,S,MS VLY ST,1,2,2.0,2.0,228,0,79.2,1,1,0,3,0,1.5
Jaylen Wester,156530,LB,FAU,1,2,2.0,2.0,165,0,116.7,1,1,0,12,2,6.0
DJ Brown,83345,S,NOTRE DAME,1,4,2.0,1.3,258,0,109.7,2,3,0,46,36,11.5
Marist Liufau,102789,LB,NOTRE DAME,1,2,2.0,2.0,258,0,100.0,1,1,0,8,5,4.0
Gavin Shipman,148908,CB,HARVARD,1,2,2.0,2.0,179,0,79.2,1,1,0,0,2,0.0
Marje Smith,103659,ED,STF AUSTIN,1,2,2.0,2.0,301,0,79.2,1,1,0,2,2,1.0
An'Darius Coffey,121757,S,MEMPHIS,1,2,2.0,2.0,218,0,83.3,1,1,0,4,7,2.0
Upton Stout,121906,CB,W KENTUCKY,1,2,2.0,1.0,346,0,56.3,1,2,0,5,3,2.5
Derrick Canteen,97329,CB,VA TECH,1,2,2.0,2.0,337,0,118.8,1,1,0,15,18,7.5
Kameron Howard,172215,S,CHARLOTTE,1,2,2.0,2.0,136,0,87.5,1,1,0,5,12,2.5
Ahmad Walker,147555,LB,SMU,1,2,2.0,2.0,287,0,112.5,1,1,0,11,12,5.5
Ryan Yaites,172501,S,LSU,1,2,2.0,2.0,211,0,118.8,1,1,0,14,7,7.0
Omar Graham Jr.,156275,LB,FLORIDA ST,1,2,2.0,2.0,167,0,118.8,1,1,0,13,5,6.5
Tama Tuitele,100993,LB,N COLORADO,1,2,2.0,2.0,253,0,79.2,1,1,0,2,3,1.0
Corey Yeoman,156179,LB,TEMPLE,1,2,2.0,2.0,306,0,118.8,1,1,0,18,20,9.0
Isaiah Hazel,97661,S,CHARLOTTE,1,2,2.0,2.0,136,0,118.8,1,1,0,25,7,12.5
Tristan Dunn,162483,S,WASHINGTON,1,8,2.0,2.0,340,0,158.3,4,4,1,52,5,6.5
Jordan Stringer,147271,LB,TROY,1,2,2.0,2.0,318,0,83.3,1,1,0,4,5,2.0
Damon Wilson II,173543,ED,GEORGIA,1,2,2.0,2.0,173,0,95.8,1,1,0,7,0,3.5
Mannie Nunnery,101079,LB,FLORIDA,1,2,2.0,2.0,163,0,118.8,1,1,0,34,17,17.0
Marlen Sewell,146968,S,VANDERBILT,1,2,2.0,2.0,333,0,118.8,1,1,0,14,9,7.0
Davaughn Celestine,101308,S,S DIEGO ST,1,4,2.0,2.0,284,0,158.3,2,2,1,38,13,9.5
Kamari Lassiter,146727,CB,GEORGIA,1,2,2.0,2.0,173,0,95.8,1,1,0,7,1,3.5
M.J. Sherman,124038,ED,NEBRASKA,1,2,2.0,2.0,238,0,118.8,1,1,0,16,1,8.0
Marcus Harris,97230,CB,IDAHO,1,2,2.0,2.0,185,0,118.8,1,1,0,21,0,10.5
Christian Calhoun,155572,CB,UC DAVIS,1,2,2.0,2.0,322,0,83.3,1,1,0,4,4,2.0
Liam Johnson,155386,LB,PRINCETON,1,2,2.0,2.0,272,0,91.7,1,1,0,6,1,3.0
Shemar Bartholomew,78995,CB,GA SOUTHRN,1,2,2.0,2.0,174,0,79.2,1,1,0,-2,1,-1.0
CJ Clinkscales Jr.,162658,CB,BOSTON COL,1,4,2.0,2.0,121,0,158.3,2,2,2,120,85,30.0
Braylon Anderson,154583,S,WESTFL,1,2,2.0,2.0,1269,0,87.5,1,1,0,5,0,2.5
Kendarin Ray,77823,S,TULSA,1,6,2.0,2.0,320,0,86.1,3,3,0,14,7,2.33
Vinny DePalma,77273,LB,BOSTON COL,1,2,2.0,2.0,121,0,79.2,1,1,0,-1,3,-0.5
Ty'Ron Hopper,98781,LB,MISSOURI,1,2,2.0,1.0,229,0,66.7,1,2,0,11,16,5.5
Alec Mock,125275,LB,AIR FORCE,1,4,2.0,2.0,101,0,89.6,2,2,0,11,1,2.75
Layton Jordan,77145,ED,TEMPLE,1,2,2.0,2.0,306,0,158.3,1,1,1,17,1,8.5
Bryce Gallagher,97905,LB,NWESTERN,1,6,2.0,2.0,256,0,79.2,3,3,0,8,8,1.33
Wesley Hines,154216,CB,LNDNWD,1,2,2.0,1.0,949,0,56.3,1,2,0,6,8,3.0
Will McLaughlin,157562,LB,IOWA STATE,1,2,2.0,1.0,193,0,56.3,1,2,0,5,3,2.5
Jermari Harris,101401,CB,IOWA,1,2,2.0,2.0,192,0,100.0,1,1,0,8,4,4.0
Joe Sparacio,77102,LB,E MICHIGAN,1,2,2.0,2.0,160,0,79.2,1,1,0,0,4,0.0
Donta Stuart,152349,S,TARLETON,1,2,2.0,2.0,401,0,87.5,1,1,0,5,10,2.5
Ken Standley,105336,LB,MERCER,1,4,2.0,2.0,219,0,87.5,2,2,0,10,0,2.5
Elijah Jones,76632,CB,BOSTON COL,1,4,2.0,2.0,121,0,118.8,2,2,0,46,23,11.5
AJ Taylor,176137,CB,BALL ST,1,2,2.0,2.0,117,0,108.3,1,1,0,10,4,5.0
Nohl Williams,128375,CB,CAL,1,2,2.0,2.0,130,0,118.8,1,1,0,13,-3,6.5
Daveon Hook,163000,S,RICE,1,2,2.0,2.0,275,0,95.8,1,1,0,7,0,3.5
Quentavius Scandrett,145764,S,E MICHIGAN,1,2,2.0,1.0,160,0,66.7,1,2,0,11,8,5.5
AJ Richardson,177067,LB,NORFOLK,1,2,2.0,2.0,244,0,79.2,1,1,0,2,6,1.0
Roberto Auguste,159523,S,WAGNER,1,4,2.0,1.3,338,0,97.9,2,3,0,29,8,7.25
Du'Wayne Paulhill Jr.,165771,S,LAMAR,1,2,2.0,2.0,204,0,83.3,1,1,0,4,5,2.0
Jalen Leach,181546,LB,STANKN,1,2,2.0,2.0,1455,0,118.8,1,1,0,19,22,9.5
Kevin Jarrell,87554,LB,WM & MARY,1,2,2.0,2.0,348,0,87.5,1,1,0,5,1,2.5
DJ Brown,145549,LB,PENN,1,2,2.0,2.0,267,0,118.8,1,1,0,23,15,11.5
Tyler Williams,145499,S,UTEP,1,2,2.0,2.0,330,0,104.2,1,1,0,9,9,4.5
Geoffreyy Mckelton,178501,S,ALCORN ST,1,2,2.0,2.0,107,0,158.3,1,1,1,30,0,15.0
Charles Demmings,150672,CB,STF AUSTIN,1,2,2.0,2.0,301,0,79.2,1,1,0,0,0,0.0
Jett Bush,99372,ED,TEXAS,1,2,2.0,2.0,311,0,79.2,1,1,0,-3,2,-1.5
Kavian Gaither,150289,LB,SM HOUSTON,1,4,2.0,2.0,281,0,79.2,2,2,0,1,4,0.25
Jordan Morant,129588,S,MISS STATE,1,2,2.0,2.0,227,0,79.2,1,1,0,-1,2,-0.5
Tyler Strain,144814,CB,ILLINOIS,1,2,2.0,2.0,187,0,158.3,1,1,1,19,0,9.5
Kale Smith,144659,CB,OKLA STATE,1,2,2.0,2.0,262,0,95.8,1,1,0,7,3,3.5
Mike Wymer,106794,LB,BUTLER,1,2,2.0,2.0,127,0,83.3,1,1,0,4,6,2.0
Calvin Pitcher,70877,S,IDAHO ST,1,2,2.0,2.0,186,0,83.3,1,1,0,4,6,2.0
Hamilton Moore,108149,LB,YALE,1,2,2.0,2.0,352,0,118.8,1,1,0,17,1,8.5
Jordan Veneziale,97542,LB,GA STATE,1,4,2.0,2.0,175,0,112.5,2,2,0,22,24,5.5
Amir Annoor,150037,CB,WOFFORD,1,2,2.0,2.0,350,0,118.8,1,1,0,24,19,12.0
Bryce Edmondson,144264,LB,MEMPHIS,1,2,2.0,2.0,218,0,91.7,1,1,0,6,2,3.0
Jacob Wahlberg,101520,LB,W MICHIGAN,1,2,2.0,2.0,347,0,79.2,1,1,0,3,6,1.5
A.J. Haulcy,163349,S,HOUSTON,1,2,2.0,2.0,182,0,95.8,1,1,0,7,11,3.5
Ryder Meyer,105638,S,MONTANA,1,9,1.8,1.8,232,0,85.8,5,5,0,23,11,2.56
Deion Jennings,81371,LB,RUTGERS,1,5,1.7,1.3,278,0,113.5,3,4,0,47,33,9.4
Dontae Lunan,142071,LB,BRYANT,1,5,1.7,1.7,124,0,83.3,3,3,0,12,9,2.4
Elijah Herring,157614,LB,TENNESSEE,1,5,1.7,1.7,307,0,80.6,3,3,0,10,13,2.0
Jay Stanley,98889,S,SO MISS,1,3,1.5,1.0,296,0,149.3,2,3,2,38,2,12.67
Nick Henrich,101466,LB,NEBRASKA,1,3,1.5,1.5,238,0,112.5,2,2,0,22,10,7.33
Michael Franks,109489,CB,DAYTON,1,3,1.5,1.5,150,0,158.3,2,2,1,37,2,12.33
Aedan Seiuli,146083,S,NEVADA,1,3,1.5,1.5,239,0,87.5,2,2,0,10,1,3.33
Dude Person,170563,S,CENT ARK,1,3,1.5,1.5,132,0,158.3,2,2,1,30,9,10.0
Ethan Calvert,146442,LB,CAL POLY,1,3,1.5,1.5,129,0,104.2,2,2,0,18,20,6.0
Jackson LaDuke,131716,LB,NEVADA,1,3,1.5,1.5,239,0,104.2,2,2,0,18,25,6.0
Ottah Bonner,182806,LB,NAUSTA,1,3,1.5,1.0,1453,0,89.6,2,3,0,23,21,7.67
DeMarkus Cunningham,150809,LB,ALABAMA ST,1,3,1.5,1.5,105,0,100.0,2,2,0,16,8,5.33
Desmond Purnell,144611,LB,KANSAS ST,1,3,1.5,1.5,199,0,89.6,2,2,0,11,16,3.67
Quentin Wilfawn,121442,ED,S ALABAMA,1,3,1.5,1.5,288,0,91.7,2,2,0,12,9,4.0
Christian Fuhrman,159623,LB,SE MO ST,1,3,1.5,1.5,293,0,91.7,2,2,0,12,11,4.0
A.J. Woods,99750,CB,PITTSBURGH,1,3,1.5,1.5,268,0,91.7,2,2,0,12,7,4.0
Jett Johnson,81319,LB,MISS STATE,1,5,1.3,1.3,227,0,92.7,4,4,0,25,27,5.0
Mac McWilliams,121497,CB,UAB,1,1,1.0,1.0,321,0,118.8,1,1,0,19,9,19.0
Tyler Martin,158734,LB,UMASS,1,1,1.0,1.0,216,0,104.2,1,1,0,9,2,9.0
Levelle Bailey,97956,LB,FRESNO ST,1,1,1.0,1.0,169,0,79.2,1,1,0,1,0,1.0
Malick Sylla,158676,ED,TEXAS A&M,1,1,1.0,1.0,312,0,79.2,1,1,0,-2,1,-2.0
Brock Mather,161653,LB,SACRAMENTO,1,1,1.0,1.0,279,0,104.2,1,1,0,9,4,9.0
Jamal Morris,97881,LB,HOUSTON,1,1,1.0,1.0,182,0,87.5,1,1,0,5,11,5.0
Kenan Johnson,99761,CB,GA TECH,1,1,1.0,1.0,176,0,95.8,1,1,0,7,0,7.0
Wedner Cadet,162135,CB,GEORGETOWN,1,1,1.0,1.0,172,0,108.3,1,1,0,10,13,10.0
Adam Cohen,100498,LB,E WASHGTON,1,1,1.0,1.0,161,0,83.3,1,1,0,4,8,4.0
Takulve Williams,61346,S,W KENTUCKY,1,1,1.0,1.0,346,0,118.8,1,1,0,15,10,15.0
Tayon Holloway,162754,CB,N CAROLINA,1,1,1.0,1.0,245,0,79.2,1,1,0,3,2,3.0
Samuel Dankah,157444,ED,E CAROLINA,1,1,1.0,1.0,156,0,104.2,1,1,0,9,0,9.0
Dorian Jones,97546,LB,CINCINNATI,1,2,1.0,1.0,138,0,85.4,2,2,0,9,12,4.5
Jaheim Singletary,163751,CB,ARKANSAS,1,2,1.0,1.0,111,0,158.3,2,2,2,69,13,34.5
Jalen Green,101992,ED,JAMES MAD,1,1,1.0,1.0,197,0,79.2,1,1,0,-1,2,-1.0
Christian Wright,102112,LB,GARD-WEBB,1,1,1.0,1.0,171,0,79.2,1,1,0,1,3,1.0
Trey McDonald,156384,LB,VIRGINIA,1,1,1.0,1.0,335,0,100.0,1,1,0,8,5,8.0
Wesley Bissainthe,156341,LB,MIAMI FL,1,1,1.0,1.0,220,0,79.2,1,1,0,-2,0,-2.0
Samuel Horton,164212,ED,CENT ARK,1,1,1.0,1.0,132,0,104.2,1,1,0,9,6,9.0
Jordan Jackson,104327,CB,BOWL GREEN,1,2,1.0,1.0,122,0,79.2,2,2,0,5,9,2.5
Cameron Jamar,164298,CB,N ALABAMA,1,1,1.0,1.0,389,0,116.7,1,1,0,12,0,12.0
Justin Smith,155835,S,WAGNER,1,1,1.0,1.0,338,0,91.7,1,1,0,6,0,6.0
Jhasi Wilson,104548,LB,N ARIZONA,1,1,1.0,1.0,252,0,83.3,1,1,0,4,0,4.0
Tristan Wheeler,104562,LB,RICHMOND,1,1,1.0,1.0,276,0,79.2,1,1,0,2,4,2.0
Jayden Patrick,154239,CB,LNDNWD,1,1,1.0,1.0,949,0,95.8,1,1,0,7,0,7.0
Tyrice Ivy Jr.,90783,CB,OREGON ST,1,1,1.0,1.0,265,0,118.8,1,1,0,29,4,29.0
Tyler Flink,89299,LB,MONTANA,1,1,1.0,1.0,232,0,83.3,1,1,0,4,0,4.0
Rush Lansdell,104871,LB,N ALABAMA,1,1,1.0,1.0,389,0,158.3,1,1,1,17,0,17.0
Tavon Hardwick,153933,CB,ARKAPB,1,2,1.0,1.0,112,0,100.0,2,2,0,16,5,8.0
Derek Thompson,88376,S,NEW HAMP,1,1,1.0,1.0,240,0,158.3,1,1,1,32,26,32.0
Jaylon Johnson,105912,CB,STETSON,1,1,1.0,1.0,302,0,95.8,1,1,0,7,7,7.0
Nick Vecchiarelli,166685,S,MARIST,1,1,1.0,1.0,213,0,147.9,1,1,1,10,3,10.0
Tre Jenkins,83886,S,S JOSE ST,1,1,1.0,1.0,285,0,118.8,1,1,0,22,2,22.0
Eli Purcell,150040,LB,WOFFORD,1,1,1.0,1.0,350,0,79.2,1,1,0,3,-2,3.0
Jordan Oladokun,149952,CB,BOWL GREEN,1,1,1.0,1.0,122,0,100.0,1,1,0,8,10,8.0
Ed'Tavious Drayton,182803,LB,NAUSTA,1,1,1.0,1.0,1453,0,95.8,1,1,0,7,7,7.0
Jaycob Neely,169153,LB,GARD-WEBB,1,1,1.0,1.0,171,0,79.2,1,1,0,3,2,3.0
Brad Jamison,149258,LB,BUCKNELL,1,1,1.0,1.0,125,0,79.2,1,1,0,-3,1,-3.0
Devonte Wilson,169514,LB,INCAR WORD,1,1,1.0,1.0,189,0,79.2,1,1,0,3,6,3.0
Alexander Kilgore,169965,LB,SMU,1,1,1.0,1.0,287,0,116.7,1,1,0,12,7,12.0
JaMichael McGoy Jr.,149245,CB,TENN MARTN,1,2,1.0,1.0,310,0,79.2,2,2,0,6,10,3.0
Rian Davis,99016,LB,UCF,1,1,1.0,1.0,323,0,87.5,1,1,0,5,0,5.0
Jackson Powell,121602,ED,ARMY,1,1,1.0,1.0,114,0,95.8,1,1,0,7,3,7.0
Marcus Clarke,122208,CB,MISSOURI,1,1,1.0,1.0,229,0,118.8,1,1,0,15,10,15.0
T.J. Tampa,122537,CB,IOWA STATE,1,1,1.0,1.0,193,0,118.8,1,1,0,13,10,13.0
Dominick McCormack,147573,S,CAL POLY,1,1,1.0,1.0,129,0,118.8,1,1,0,16,10,16.0
Christian Middleton,147571,CB,CAL POLY,1,1,1.0,1.0,129,0,79.2,1,1,0,3,5,3.0
Jaree Jones,182452,LB,VA LYNCHBU,1,1,1.0,1.0,406,0,158.3,1,1,1,21,1,21.0
Brevin Hamblin,173004,S,UTAHTC,1,1,1.0,1.0,1285,0,116.7,1,1,0,12,2,12.0
Jamel Johnson,173140,S,TCU,1,1,1.0,1.0,305,0,87.5,1,1,0,5,0,5.0
Durante Jones,147397,S,UCONN,1,1,1.0,1.0,146,0,118.8,1,1,0,13,9,13.0
Tui Faumuina-Brown,147395,LB,UCONN,1,1,1.0,1.0,146,0,91.7,1,1,0,6,1,6.0
Kendrick Turner,182451,S,VA LYNCHBU,1,1,1.0,1.0,406,0,158.3,1,1,1,34,10,34.0
Max Tooley,81201,LB,BYU,1,1,1.0,1.0,128,0,104.2,1,1,0,9,3,9.0
Javarian Jenkins,123484,LB,JACKSON ST,1,2,1.0,1.0,194,0,89.6,2,2,0,11,14,5.5
Chief Borders,146707,ED,NEBRASKA,1,1,1.0,1.0,238,0,118.8,1,1,0,35,37,35.0
Jordan Toles,124117,S,MORGAN ST,1,1,1.0,1.0,235,0,108.3,1,1,0,10,12,10.0
Chance Rucker,174052,CB,MICH STATE,1,1,1.0,1.0,223,0,118.8,1,1,0,17,11,17.0
Jhamell Blenman,146513,CB,IDAHO,1,1,1.0,1.0,185,0,118.8,1,1,0,32,2,32.0
Antwaun Powell-Ryland,124392,ED,VA TECH,1,1,1.0,1.0,337,0,79.2,1,1,0,1,2,1.0
Mitch Leigber,146375,S,STANFORD,1,1,1.0,1.0,300,0,95.8,1,1,0,7,3,7.0
Jeremiah Telander,174745,LB,TENNESSEE,1,1,1.0,1.0,307,0,104.2,1,1,0,9,12,9.0
Calvin Hart Jr.,77128,LB,OREGON ST,1,1,1.0,1.0,265,0,104.2,1,1,0,9,8,9.0
George Ballance,174775,LB,VA TECH,1,1,1.0,1.0,337,0,95.8,1,1,0,7,2,7.0
Drue Watts,146094,LB,NEVADA,1,1,1.0,1.0,239,0,83.3,1,1,0,4,9,4.0
Bennett Walker,175064,CB,E MICHIGAN,1,1,1.0,1.0,160,0,118.8,1,1,0,24,0,24.0
John Morgan III,76865,ED,ARKANSAS,1,1,1.0,1.0,111,0,116.7,1,1,0,12,6,12.0
Jayvant Brown,175139,LB,KENTUCKY,1,1,1.0,1.0,202,0,118.8,1,1,0,21,10,21.0
O'tay Baker,146059,ED,TARLETON,1,1,1.0,1.0,401,0,83.3,1,1,0,4,3,4.0
Sabastian Harsh,128416,ED,WYOMING,1,1,1.0,1.0,351,0,118.8,1,1,0,18,1,18.0
Kyle Moretti,145740,LB,C MICHIGAN,1,1,1.0,1.0,134,0,118.8,1,1,0,20,6,20.0
Dimitris Biamby,142753,LB,ALAB A&M,1,1,1.0,1.0,104,0,79.2,1,1,0,2,8,2.0
Alex Stirn,145615,S,BALL ST,1,1,1.0,1.0,117,0,104.2,1,1,0,9,5,9.0
Kade Werner,178401,S,MARIST,1,1,1.0,1.0,213,0,118.8,1,1,0,20,0,20.0
Tahveon Nicholson,129421,CB,ILLINOIS,1,1,1.0,1.0,187,0,118.8,1,1,0,21,0,21.0
Ruben Hyppolite II,129516,LB,MARYLAND,1,1,1.0,1.0,215,0,79.2,1,1,0,2,0,2.0
Mac Uihlein,145047,LB,NWESTERN,1,1,1.0,1.0,256,0,104.2,1,1,0,9,0,9.0
Monty Montgomery,58203,LB,OLE MISS,1,1,1.0,1.0,226,0,112.5,1,1,0,11,4,11.0
Jayson Gilliom,144572,LB,KANSAS,1,1,1.0,1.0,198,0,118.8,1,1,0,20,17,20.0
JaQwondis Burns,129644,LB,SMU,1,1,1.0,1.0,287,0,118.8,1,1,0,20,2,20.0
Conner O'Farrell,141533,LB,E WASHGTON,1,2,1.0,1.0,161,0,79.2,2,2,0,5,4,2.5
Miles Fleming,129652,S,OHIO,1,1,1.0,1.0,259,0,87.5,1,1,0,5,2,5.0
Demarcus Griffin-Taylor,144249,CB,LA TECH,1,1,1.0,1.0,208,0,95.8,1,1,0,7,10,7.0
Gunner Maldonado,129727,S,ARIZONA,1,1,1.0,1.0,109,0,118.8,1,1,0,35,3,35.0
Cody Simon,129757,LB,OHIO STATE,1,1,1.0,1.0,260,0,118.8,1,1,0,25,5,25.0
Quinyon Mitchell,130628,CB,TOLEDO,1,1,1.0,1.0,316,0,116.7,1,1,0,12,0,12.0
Shelton Quarles Jr.,139089,LB,BETH COOK,1,1,1.0,1.0,119,0,118.8,1,1,0,19,14,19.0
Dontae Manning,131719,CB,OREGON,1,1,1.0,1.0,264,0,118.8,1,1,0,16,4,16.0
Shawn Asbury II,143814,S,DOMINION,1,1,1.0,1.0,263,0,79.2,1,1,0,-1,1,-1.0
Jaxon Lee,143712,S,MONTANA,1,1,1.0,1.0,232,0,104.2,1,1,0,9,-26,9.0
Aiden Weber,138399,LB,SCAR STATE,1,1,1.0,1.0,290,0,118.8,1,1,0,20,21,20.0
Preston Forney,143098,LB,LAFAYETTE,1,1,1.0,1.0,203,0,79.2,1,1,0,0,5,0.0
Xavior Bouldin,181523,HB,STANKN,1,1,1.0,1.0,1455,0,118.8,1,1,0,28,11,28.0
Xavier Oliphant,142807,CB,CAL POLY,1,1,1.0,1.0,129,0,79.2,1,1,0,-3,1,-3.0
